text,raw,input_tokens,output_tokens,latency_s,pred,confidence,reason,parse_ok,parse_error,true,pred_eval
"These comments are for ""Newtons Fruit Thins - Cranberry Citrus Oat"" sold by Nabisco. The package states ""crispy cookies"" think the firmness and thickness of a graham cracker - yes that firm. These 3-inch round wafers come in a rigid plastic tray that slides into a foil-lined package. Nonetheless several cookies in the two packages I sampled were broken into several large pieces upon opening. Probably not typical but that's what I observed. I found the cookies brittle; they had a tendency to break into several pieces after a bite. As an adult I could compensate be adjusting my method of holding the wafer but children will have a problem. The cranberry citrus oat had a pleasant flavor with a hit of citrus. The package state ""made with real fruit"" therefore what you have are many small pieces of dried cranberries throughout the cookie. I like cranberries but after they are dried and baked they become semi-hard and chewy and tend to stick to your teeth. I was somewhat taken back by the work ""Newtons"" in large letters on the package. My understanding of this term is of a soft chewy fruit filled cookie like a fig or apple Newton. I do not see the connection then again I am not in Sales or Marketing where these decisions are made.","{""label"": ""neutral"", ""confidence"": 0.68, ""reason"": ""Highlights flaws but also likes flavor, no clear recommendation""}",684,95,0.296,neutral,0.68,"Highlights flaws but also likes flavor, no clear recommendation",True,,negative,neutral
"These toaster pastries taste, especially when toasted. I avoid anything with partially hydrogenated vegetable oil, and these fit the bill. I include them in my daughter's lunch and also have them for snacks. They are 210 calories apiece, which is a bit much for a snack, but you can always cut them in half. A case is a lot of toaster pastries, but we are not getting sick of them, and you can also use these for groups of kids, like after soccer games, etc. The price is less than the local health food store, and now I don't have to make a special stop to pick them up.","{""label"": ""positive"", ""confidence"": 0.92, ""reason"": ""Overall satisfied, mentions minor calorie note but no rejection""}",554,70,0.276,positive,0.92,"Overall satisfied, mentions minor calorie note but no rejection",True,,positive,positive
"I love this tea. Its flavor is awakening your senses. It deserves A+!!! The price is the only inconvenience, if it would be a bit lower I would buy more often.","{""label"": ""positive"", ""confidence"": 0.92, ""reason"": ""Overall praise, minor price gripe, still recommends""}",464,63,0.262,positive,0.92,"Overall praise, minor price gripe, still recommends",True,,positive,positive
"I am in love with this product! I make a whole package with chicken broth, chopped red bell pepper, green onions, some frozen corn and leftover chicken, add a little salt & pepper, garlic and coriander, and away we go. I store the leftovers and take a little for lunch every day. Great hot or cold. Simply delicious. If all you can do is boil water, then even you can make this. I'm going to try the recipe listed above for a change of pace.","{""label"": ""positive"", ""confidence"": 0.96, ""reason"": ""Enthusiastic praise, recommends and loves product""}",526,55,0.202,positive,0.96,"Enthusiastic praise, recommends and loves product",True,,positive,positive
"These empty plastic capsules and precut foil lids work just fine in the Nespresso Pixie I have. Their cost is much less than the filled ones purchased from Nespresso, but you do have to fill them - and you need to purchase high quality coffee or you won't get a high quality cup o' joe. For a little work and a much lower price, I say, ""Go get 'em!"" They're easy to fill and easy to use. I bought 'em on Amazon.","{""label"": ""positive"", ""confidence"": 0.93, ""reason"": ""Enthusiastic recommendation and satisfaction with product""}",525,56,0.237,positive,0.93,Enthusiastic recommendation and satisfaction with product,True,,positive,positive
"I bought this bread because I was buying another item and could get the $10 discount for a more than $49 purchase. This bread is FANTASTIC. Great flavor, great texture, and a total hit with my company. I'm going to feel sad after I bake the last box, but no loaf of bread, especially a loaf you bake yourself, is worth almost $3 a loaf. If the price becomes more reasonable, I'll buy it more often.","{""label"": ""positive"", ""confidence"": 0.86, ""reason"": ""Enthusiastic praise, would repurchase despite price concern""}",519,94,0.285,positive,0.86,"Enthusiastic praise, would repurchase despite price concern",True,,positive,positive
"Look--it's peanut butter. If you like your peanut butter crunchy and the hint of honey to go along with it, then this is the peanut butter for you. It was the peanut butter for you before their recall, and it's the peanut butter for you *after* the recall. But if you're like me, you're in an area of the United States that no longer carries this version of Peter Pan Peanut Butter after the recall. And if you're also like me, you've also tried to reach out to ConAgra Foods to remedy this, but to no avail. (Note: ConAgra foods unfortunately has become one of those corporate conglomerates that feels the need to not answer email or to answer only with a robo-response. Sad, really...) So, if you're in the same boat I am, then pick up a six pack of Peter Pan Honey Roast Crunchy Peanut Butter from Amazon.com, and bask in the glory of knowing that not only do you have a consumer product that isn't available in your neck of the woods, but that you've got a great corporate friend in Amazon that is watching your back and making sure you don't have to sully your jelly with inferior peanut butter. Disclosure: I purchased this Peanut Butter six pack from Amazon.com on 09/19/2011 for $13.59. Jars of the creamy version of this peanut butter locally run $2.89 each, which makes the Amazon.com price a very good deal, especially if the price of Peanut Butter climbs this winter as the commodity experts forecast.","{""label"": ""positive"", ""confidence"": 0.92, ""reason"": ""Overall praise, recommends purchase despite recall issue""}",735,59,0.286,positive,0.92,"Overall praise, recommends purchase despite recall issue",True,,positive,positive
"I've been a vegetarian for almost 8 years and gummy bears have been something I've missed terribly. Since gelatin is the key ingredient in gummy bears (gives it the elasticity), it's hard to duplicate that when making a veggie version. I picked these up at a local HFS on sale and was pretty impressed. They have a good flavor and the texture is pretty nice (note: not as chewy as the traditional ones). This brand and Sunny Bears are both 2 I enjoy and recommend to other veg*ns.","{""label"": ""positive"", ""confidence"": 0.93, ""reason"": ""praise, recommends, satisfied""}",530,56,0.237,positive,0.93,"praise, recommends, satisfied",True,,positive,positive
"This may not be the most popular hot beverage available on Amazon, but after trying some through the Amazon Vine program, I like it! It is tangy and refreshing, and tastes not only of ginger and lemon, but has perhaps even a dash of cinnamon. It is a perfect hot alternative to soft drinks --- which it turns out are VERY bad for you, whether with sugar, or with artificial sweetener --- and a preferable change from late afternoon tea or coffee. This stuff wakes you up, without the caffeine after-buzz, and won't keep you awake at night. Perhaps all the health nuts don't approve, but if you are looking for a nice change of pace, try some. Pay no attention to those herbal tea snobs. In any case, I liked it very much and think many others will as well.","{""label"": ""positive"", ""confidence"": 0.93, ""reason"": ""Enthusiastic praise and recommendation""}",591,50,0.233,positive,0.93,Enthusiastic praise and recommendation,True,,positive,positive
"These are nothing to write home about. There is not much peanut butter flavor and the chocolate is so-so. These are very chewy compared to most granola bars, so you won't get much crunch in your bite. The bars are small and do not compare with other granola bars in terms of consistency and flavor. If you like peanut butter and chocolate, I recommend the Oh Yeah! Good Grab bars instead. They have much more flavor and more protein.","{""label"": ""negative"", ""confidence"": 0.86, ""reason"": ""Reviewer rejects product, cites poor flavor, texture, and recommends alternative""}",518,97,0.334,negative,0.86,"Reviewer rejects product, cites poor flavor, texture, and recommends alternative",True,,negative,negative
"With all the natural, organic ingredients, I can't see how they came up with such a bland, unpalatable product. Not sweet enough, and a bitter aftertaste as well. Maybe it's just me, but I would not recommend this particular flavor to anyone.","{""label"": ""negative"", ""confidence"": 0.96, ""reason"": ""Strong dislike and recommendation against purchase""}",480,82,0.256,negative,0.96,Strong dislike and recommendation against purchase,True,,negative,negative
"I found these in a local market a while ago, and fell in love with them, but hadn't been able to find them anywhere in person for a while. Saw that they were available on Amazon, and ordered a 12-pack. What arrived is completely different from the product I bought in the store. The ones I bought at the store were firm but chewy, even-textured, with a nice fruity flavor. The ones that arrived are crusty on the outside, soft on the inside; the crustiness really makes it hard for me to enjoy the flavor. I feel bad for wasting food, but I don't think I can stomach these.","{""label"": ""negative"", ""confidence"": 0.92, ""reason"": ""Rejects product, cannot enjoy, likely 1-2 stars""}",556,67,0.251,negative,0.92,"Rejects product, cannot enjoy, likely 1-2 stars",True,,negative,negative
"even though i love cashews, these were just too salty. the pepper taste was great and they did taste good, but for hours after i ate them, i was so thirsty. i don't think these would be enjoyable to most people.","{""label"": ""negative"", ""confidence"": 0.85, ""reason"": ""Finds product overly salty and unenjoyable, indicating rejection""}",475,91,0.31,negative,0.85,"Finds product overly salty and unenjoyable, indicating rejection",True,,negative,negative
"I know that you might think that these would be weird, especially if you are a Buggles fan like myself. But I am here to tell you that these taste awesome. The only problem is, we shouldn't have them around because you can't put them down. If you haven't tried them you are missing out.","{""label"": ""positive"", ""confidence"": 0.92, ""reason"": ""Enthusiastic praise, recommends product""}",490,60,0.24,positive,0.92,"Enthusiastic praise, recommends product",True,,positive,positive
Had this a couple years ago and it is still just as hot as I remember. Follow the directions and use one drop at a time.,"{""label"": ""positive"", ""confidence"": 0.92, ""reason"": ""No complaint, endorses product effectiveness""}",455,77,0.255,positive,0.92,"No complaint, endorses product effectiveness",True,,positive,positive
"These are so yummy. It's like fresh banana nut bread, only it doesn't fall apart. I would recommend these to anyone. The Quaker Soft Baked Cereal Bar, Banana Nut Bread is a great grab and go breakfast.","{""label"": ""positive"", ""confidence"": 0.96, ""reason"": ""enthusiastic recommendation and praise""}",473,60,0.204,positive,0.96,enthusiastic recommendation and praise,True,,positive,positive
The amount of butter used in these popovers caused runover while baking that had my smoke detector going off! I had to clean my oven (self-cleaning) and remove the battery from my smoke detector. Our house was full of smoke and we had to open doors and windows and use the ceiling fan to disperse the smoke!,"{""label"": ""negative"", ""confidence"": 0.92, ""reason"": ""Severe issue, product caused smoke, reviewer upset""}",494,67,0.29,negative,0.92,"Severe issue, product caused smoke, reviewer upset",True,,negative,negative
"I've been using CLEAR SCALP & HAIR BEAUTY Strong Lengths Nourishing Shampoo, 12.9 Fluid Ounce and CLEAR SCALP & HAIR BEAUTY Strong Lengths Nourishing Conditioner, 12.7 Fluid Ounce for three weeks before writing a review, just to give them a good test, but there was a noticeable improvement in my hair after the first shampoo. For several months, I had been getting hairs caught in my comb when combing out my wet hair. After using these products for the first time, there was only one hair left behind in the comb. After shampooing and conditioning a couple of times, there were no longer any hairs in the comb at all. I've waited three weeks to see if these products would accumulate on the hair strands, because my fine hair just collapses under the weight of product build-up. But there doesn't seem to be any build-up at all. They leave my hair manageable, soft (but not limp) and very shiny. I was surprised that neither product is clear (both are pearly in color.) Be advised it takes very little product to work up a rich lather, so start out small and add to it or you will be rinsing for a while. I really love both these products.","{""label"": ""positive"", ""confidence"": 0.96, ""reason"": ""Enthusiastic praise, no rejection, recommends product""}",685,48,0.385,positive,0.96,"Enthusiastic praise, no rejection, recommends product",True,,positive,positive
"Don't tell anybody, but this sugar is the secret to the worlds best Chocolate Chip Cookies! Just use it in your favorite recipe, and watch everybody struggle to figure out what makes them so awsome!","{""label"": ""positive"", ""confidence"": 0.93, ""reason"": ""Enthusiastic endorsement, recommends product""}",467,62,0.254,positive,0.93,"Enthusiastic endorsement, recommends product",True,,positive,positive
"I was looking for the original Chocolate Twizzler's not the new one now produced by Hershey, the picture showed original bag without the Hershey label and when I received the product it was the new one not the original. There is a definite difference in products.","{""label"": ""negative"", ""confidence"": 0.86, ""reason"": ""Rejects product due to receiving wrong version""}",481,72,0.257,negative,0.86,Rejects product due to receiving wrong version,True,,negative,negative
"I used to be able to buy this locally and I was thrilled to find it on Amazon, love the taste with fresh fruit and caprese salad","{""label"": ""positive"", ""confidence"": 0.95, ""reason"": ""Enthusiastic, no complaints, expresses love for taste""}",457,103,0.326,positive,0.95,"Enthusiastic, no complaints, expresses love for taste",True,,positive,positive
"My wife is the avid java drinker in our family, so I requested a free bag of this coffee for her and she brewed a pot. I should preface her verdict with a proviso: although she enjoys Tully's and SBC and other Seattle brands, she is partial to Starbucks. Her review: ""Starbucks' vanilla coffee has a natural vanilla-bean flavor that subtly complements its rich, full-bodied coffee flavor rather than overwhelms it. This smooth, balanced, medium-roast blend also has a real vanilla aroma and an interesting touch of sasparilla. It's reasonably priced, so I'm likely to buy more of it.""","{""label"": ""positive"", ""confidence"": 0.93, ""reason"": ""Overall praise, likely 4-5 stars""}",555,57,0.234,positive,0.93,"Overall praise, likely 4-5 stars",True,,positive,positive
The rice crackers are a greater alternative to the regular crackers. They are much healthier and taste great and you can eat much more for a smaller amount of calories. These are my new favorite crackers.,"{""label"": ""positive"", ""confidence"": 0.96, ""reason"": ""Enthusiastic praise, would recommend""}",466,45,0.171,positive,0.96,"Enthusiastic praise, would recommend",True,,positive,positive
"I bought this for my cat, who suddenly started vomiting on a daily basis. No rhyme or reason for it either, not hairballs, or some kind of illness. This didn't help the vomiting issue and considering the cost of the food and composition, I've since switched her to a product richer in proteins that costs a similar amount and actually seems to have quickly cleared up the problem.","{""label"": ""negative"", ""confidence"": 0.92, ""reason"": ""Product failed to solve issue; reviewer switched away""}",503,66,0.311,negative,0.92,Product failed to solve issue; reviewer switched away,True,,neutral,negative
"I ordered these to use for a craft. I was expecting an assortment of colors as shown - bright primary colors. What I got was all pale yellow. I got in touch with customer service. Carmina was very nice. She was apologetic and agreed to send me an assorted shipment. This second shipment was assorted but the colors were silver, black, pale pink, and a goldish brown, still not as depicted. Due to time constraints I decided to make due with what I had. The capsules are fine. Just be forewarned that the colors shown are probably not the ones you'll be sent. If the product description had said ""colors vary"", then there would be no issue.","{""label"": ""neutral"", ""confidence"": 0.68, ""reason"": ""Disappointed with colors but still uses product""}",566,66,0.316,neutral,0.68,Disappointed with colors but still uses product,True,,negative,neutral
Not quite an ounce...100 calories...great taste and texture...huge fan of BBQ chips but this stands in quite nicely. Trick will be to stop at one bag. Highly recommend them...as well as Pirates Booty and Vita Tops...trifecta of snacks that go great with my mission to eat healthy. Now if they could only make a great substitute for peanut M & M's. Maybe it's better that they don't.,"{""label"": ""positive"", ""confidence"": 0.92, ""reason"": ""Enthusiastic recommendation and praise despite minor comment""}",514,59,0.264,positive,0.92,Enthusiastic recommendation and praise despite minor comment,True,,positive,positive
"I love pepper-pot soup and especially callaloo. The soup was just tasteless, and didn't enjoy it at all. I tired to correct the flavor and spice it up a little. Just bland soup won't try again.","{""label"": ""negative"", ""confidence"": 0.92, ""reason"": ""Rejects product, won't try again""}",472,66,0.247,negative,0.92,"Rejects product, won't try again",True,,negative,negative
I have used this product for years and was able to find it in our local grocery stores. . . . until recently. How pleased I was to find this on Amazon and the fact that I can order it by the case lowers the price as well. Great Product.,"{""label"": ""positive"", ""confidence"": 0.95, ""reason"": ""Expresses satisfaction and recommends product""}",481,61,0.315,positive,0.95,Expresses satisfaction and recommends product,True,,positive,positive
"I absolutely loved Newman's Own pretzels with the pepper baked right into the pretzel for just a little bite. These are not as tasty and yes, they are messy and overly seasoned. Not really a fan of this line of flavored broken pretzel pieces, although this was a little better than some of their other flavors. Someone out there needs to try making the baked-in black pepper version again, please. Not sure why Newman's Own stopped.","{""label"": ""negative"", ""confidence"": 0.66, ""reason"": ""Overall dissatisfaction despite slight praise""}",518,127,0.422,negative,0.66,Overall dissatisfaction despite slight praise,True,,neutral,negative
"This is a wonderfully flavored tea. Not too sweet as to be overpowering peach, but enough to help mask the ginger.","{""label"": ""positive"", ""confidence"": 0.92, ""reason"": ""Praises flavor, no complaints""}",452,52,0.198,positive,0.92,"Praises flavor, no complaints",True,,positive,positive
One of my dogs has inflammatory bowel disease. This is one of the few products I can give her for a treat that she can eat because it's low in protein and in fat. It doesn't upset her stomach. It's also grown here in the USA which makes me feel safer after the recent scare we pet owners had not too long ago. All my dogs LOVE them!,"{""label"": ""positive"", ""confidence"": 0.92, ""reason"": ""satisfied, recommends, no complaints""}",500,45,0.216,positive,0.92,"satisfied, recommends, no complaints",True,,positive,positive
I have purchased different wine kits from Amazon.com and I have had success in everyone I made up. The Zin is ready to bottle now. It's Delicious and the Price could not be beaten anywhere I looked. Im happy with this Vino Italiano Wine Kit. Viva La Amazon.com. lol,"{""label"": ""positive"", ""confidence"": 0.95, ""reason"": ""Expresses satisfaction, praises taste and price, would recommend""}",485,70,0.262,positive,0.95,"Expresses satisfaction, praises taste and price, would recommend",True,,positive,positive
"Gatorade is manufactured by Quaker Oats which is a division Pepsi. Heavily marketed and very popular, it is the official drink for the NFL, NBA and MLB and other major sports organization. It is an engineered drink to help rehydrate and replenish fluid during heavy physical activities. This powdered form is a more economical way of drinking Gatorade. Make sure you shake it enough to dissolve the mix. The taste is very similar to the bottled. I was introduced to Gatorade about 15 years ago when I played tennis with my cousin in Hawaii. I loved it especially the taste that is not so sweet as compared to other drinks. A very hot day and a ice cold Gatorade is just the perfect combination. It is very refreshing. Just a bit of a caution. Our family dentist warns us not to drink Gatorade on a casual basis. It is even worse than sodas when it comes to your the teeth. There is also a lot of sugar content.","{""label"": ""positive"", ""confidence"": 0.92, ""reason"": ""Overall praise despite minor health caution""}",628,66,0.215,positive,0.92,Overall praise despite minor health caution,True,,positive,positive
Love this tea. Am a tea snob and have been hooked on it for years. Amazon has the best prices around and the ordering is so easy. Fantastic every day tea with a wonderful taste. . Thanks!,"{""label"": ""positive"", ""confidence"": 0.95, ""reason"": ""Enthusiastic praise, would recommend""}",470,59,0.208,positive,0.95,"Enthusiastic praise, would recommend",True,,positive,positive
"I have eaten several brands of this type of product, but Ka-Me Bean Thread has a superior consistency in results that others of this type lack. For me, it's important that the cooked noodle has absorbed the soup stock and is soft and slightly chewy. So many others do not maintain this consistency year after year, or even reach this level of product. I learned about this food in Hawaii, where it's called ""long rice"", and have always sought something to match (they didn't have this brand there, so I had to try several others before finding it). In NY it is typically called ""sai fun"" or ""glass/cellophane noodles"" but I just look for the taste, and the ability to absorb the soup. Thanks for a great product, at a reasonable price, too!","{""label"": ""positive"", ""confidence"": 0.96, ""reason"": ""praises consistency, taste, price, recommends product""}",587,44,0.377,positive,0.96,"praises consistency, taste, price, recommends product",True,,positive,positive
"The package was a lot smaller than I expected, but I'm a nut for dark chocolate. This particular bar tastes great, and I kept wanting more than the wrapper could hold. Very much recommended, and this is coming from someone who is a dark chocolate fiend, but also very particular about the nuanced taste in each variation.","{""label"": ""positive"", ""confidence"": 0.92, ""reason"": ""Overall recommendation despite minor packaging complaint""}",492,56,0.221,positive,0.92,Overall recommendation despite minor packaging complaint,True,,positive,positive
These are very tasty. They are as good as you get without roasting your own....,"{""label"": ""positive"", ""confidence"": 0.93, ""reason"": ""Praises taste, no complaints, suggests high satisfaction""}",444,72,0.272,positive,0.93,"Praises taste, no complaints, suggests high satisfaction",True,,positive,positive
I have been drinking Yuban coffee for years. Nothing I have found compares especially for the cost. What I don't understand is why Amazon is selling 2 cans of 33 oz. each for .62 an ounce or optional 12 cans of the same coffee at 12 oz each for .32 an ounce? What am I missing here? Why would anyone ever buy the 33 oz. cans?,"{""label"": ""neutral"", ""confidence"": 0.65, ""reason"": ""Expresses confusion and dissatisfaction about pricing without rejecting product""}",508,104,0.295,neutral,0.65,Expresses confusion and dissatisfaction about pricing without rejecting product,True,,positive,neutral
"Izze's pomegranate juice is almost perfect--good can size, not too sparkling, and a great flavor. I like this much more than Pom Wonderful (maybe because of the carbonated nature of Izze). Important note: While pomegranate juice may offer some health benefits, it can also interact with some medications, including ACE inhibitors and antihypertensive drugs, so check with your doctor before drinking pomegranate juice if you're taking prescription drugs. Two suggestions: (1) More pomegranate flavor; and (2) market a sweetened version as well.","{""label"": ""positive"", ""confidence"": 0.92, ""reason"": ""Overall praise with minor suggestions, no rejection""}",540,58,0.23,positive,0.92,"Overall praise with minor suggestions, no rejection",True,,positive,positive
I love mint tea and this was a good value. You can definitely taste the peppermint but its not overwhelming.,"{""label"": ""positive"", ""confidence"": 0.92, ""reason"": ""praise, good value, satisfied""}",449,62,0.233,positive,0.92,"praise, good value, satisfied",True,,positive,positive
"Not quite sure if this was the taste they were going after, but they taste a lot like rice cakes. The grain mix doesn't taste bad, it just doesn't taste great considering that it does have evaporated cane juice, molasses, blueberry pure, apple puree, plum puree, apple juice, and sea salt (among other ingredients). It is gluten free and is made from Amaranth, quinoa, otas, millet and buckwheat which is good. It just seems like with all the fruit purees and the cane juice that they'd taste a little better. If you can have nothing but gluten free snacks, then this can be an option for you. If dairy isn't off your diet, putting it on some yogurt would be good. It also suggests putting it with milk, but there are less expensive options if you're considering it for cereal. All in all, it's an okay snack.","{""label"": ""neutral"", ""confidence"": 0.66, ""reason"": ""Overall verdict is okay but not recommended, indicating a 3‑star rating""}",606,85,0.513,neutral,0.66,"Overall verdict is okay but not recommended, indicating a 3‑star rating",True,,neutral,neutral
"My dog can be picky when it comes to treats and I always worry it's going to be a waste when I buy a new treat for her, but this product looked good and the description was in line with the kind of thing I like to feed her so I wanted to give it a try. I don't want a bunch of filler or weird chemicals for my dog and thankfully there are a few companies out there that seem to agree, Zuke's being one of them. In my opinion, the price is fair for the quality you receive and I never buy low-end dog treats anyway, so it seemed like a good deal in comparison to the prices I usually pay. My dog LOVED these treats and ran to her treat jar hoping to get one ALL the time when we had some of these in there. She ""asks"" for treats less often when it's something else in there like rawhides. So, we both give this product 5 stars and we'll definitely be ordering them again as well as trying out the other varieties. :)","{""label"": ""positive"", ""confidence"": 0.96, ""reason"": ""Enthusiastic praise, will reorder, 5‑star language""}",634,51,0.317,positive,0.96,"Enthusiastic praise, will reorder, 5‑star language",True,,positive,positive
"I bought these bars as a quick meal replacement or snack, but my 4-year old son (an extremely picky eater) has enjoyed them for breakfast more than anything else I've offered! He thinks they are candy bars and requests at least one daily. The nutritional information on the package suggests that they are an even healthier, heartier choice than granola or cereal bars. Now, if he would just leave me a few...","{""label"": ""positive"", ""confidence"": 0.92, ""reason"": ""Enthusiastic endorsement, no criticism""}",512,60,0.244,positive,0.92,"Enthusiastic endorsement, no criticism",True,,positive,positive
"The Green Mountain Hot Cocoa is a good choice for a nice quick cup Hot Chocolate from our Keurig B-40 B40 Elite Gourmet Single-Cup Home-Brewing System . Here are my observations: + Good on ""Small Cup"" size, a little weak on the ""Large Cup"" setting + Shakeup the K-Cup before using (a good tip from another reviewer) + My wife and kids really enjoy it with peppermint Coffeemate flavoring added Recommended! CFH","{""label"": ""positive"", ""confidence"": 0.93, ""reason"": ""Enthusiastic recommendation and overall satisfaction""}",525,53,0.276,positive,0.93,Enthusiastic recommendation and overall satisfaction,True,,positive,positive
"I ordered this tea because I wanted to produce more milk so I could pump and bottle feed my daughter because I didn't want her getting used to the breast 100%. Unfortunately, it didn't work out for me. I only gave it 3 stars because at around the 2nd or 3rd day, I noticed that I was breaking out in different areas of my body and it was very itchy. I know it was the tea that caused the reaction because it was the only new thing I had started to take in and as soon as I stopped drinking it, the rash went away. So I can't really rate its efectiveness because I didn't drink it long enough. I'm not a big fan of tea, so I didn't care for the taste too much, but a little bit of sugar helped.","{""label"": ""neutral"", ""confidence"": 0.92, ""reason"": ""Reviewer explicitly gave 3 stars, indicating disappointment but not rejection""}",587,66,0.409,neutral,0.92,"Reviewer explicitly gave 3 stars, indicating disappointment but not rejection",True,,neutral,neutral
"Fast delivery, a box full of Equal packets, arrived intact. My wife thinks I'm a little nuts, but I like my coffee sweet, and I never run out of Equal.","{""label"": ""positive"", ""confidence"": 0.86, ""reason"": ""satisfied, repeats purchase, no complaints""}",463,73,0.242,positive,0.86,"satisfied, repeats purchase, no complaints",True,,positive,positive
I purchased this in a 3 pack intending to gift two of them. I could only bring myself to give one away because it is so good.,"{""label"":""positive"",""confidence"":0.92,""reason"":""enthusiastic praise, would keep and gift""}",457,59,0.378,positive,0.92,"enthusiastic praise, would keep and gift",True,,positive,positive
"I was looking for popcorn with less hulls. Have been using Oroville R's microwave popcorn for years and have noticed more and more hulls which are not great for the teeth! I found the Amish country popcorn somewhat as advertised. The purple were tasty with larger kernels. However, the smaller kernels did poorly in air popper. Kernels kept flying out because of being so much smaller and lighter weight. Did like the taste and give an A+ for less hulls.","{
  ""label"": ""positive"",
  ""confidence"": 0.92,
  ""reason"": ""Overall satisfied, praises taste and low hulls despite minor kernel size issue""
}",523,77,0.267,positive,0.92,"Overall satisfied, praises taste and low hulls despite minor kernel size issue",True,,neutral,positive
"I love this tea, especially in the K-cup! The flavor is delicate; the citrus note from the bergamot sets it apart from regular black tea. And there is none of the mess I experience with tea bags! I bought this to make my mother-in-law happy, but this has become my favorite evening drink.","{""label"": ""positive"", ""confidence"": 0.96, ""reason"": ""Enthusiastic praise, would recommend""}",492,45,0.198,positive,0.96,"Enthusiastic praise, would recommend",True,,positive,positive
I love this soup it's definitely my favorite flavor. It's great in the winter or when you're battling a sore throat. I always look forward to eating it and it's great to take when visiting non-vegan friendly family members.,"{""label"": ""positive"", ""confidence"": 0.95, ""reason"": ""Enthusiastic praise, would recommend""}",471,58,0.221,positive,0.95,"Enthusiastic praise, would recommend",True,,positive,positive
"I am a huge lavender fan, but have never tried any edible/drinkable lavender products, only those that smell good. I was a little concerned this would taste funny, because even though I know smell and taste are tightly linked, lavender seems like the kind of thing that would smell way better than it tastes. I was so glad to find that the tea mostly tastes like a stronger chamomile tea, but smells like lavender. The best of both worlds!","{""label"": ""positive"", ""confidence"": 0.95, ""reason"": ""Enthusiastic, pleased, would recommend""}",519,59,0.472,positive,0.95,"Enthusiastic, pleased, would recommend",True,,positive,positive
"Excellent flavor. Good price. A real bargain. Was extremely satisfied with the purchase, even though I'd never heard of Martinson Coffee previously.","{""label"": ""positive"", ""confidence"": 0.96, ""reason"": ""Highly satisfied, praises flavor, price, and overall purchase""}",455,72,0.232,positive,0.96,"Highly satisfied, praises flavor, price, and overall purchase",True,,positive,positive
The best :). had to buy 4 of them because it goes so fast. Good to see you can get it in the US now,"{""label"": ""positive"", ""confidence"": 0.92, ""reason"": ""Enthusiastic praise, multiple purchases, no complaints""}",455,80,0.238,positive,0.92,"Enthusiastic praise, multiple purchases, no complaints",True,,positive,positive
"The dogs just love them and actually start barking after dinner just to get them. They love all the flavors. Having very few teeth, the puppy mill rescue especially loves the softer ones.","{""label"": ""positive"", ""confidence"": 0.93, ""reason"": ""Enthusiastic praise, no complaints""}",464,61,0.399,positive,0.93,"Enthusiastic praise, no complaints",True,,positive,positive
My doctor told me I should eat more walnuts and although I have walnuts for baking they just don't quite cut it for munching. I can also chop these to put into other things. I tend to like the mixture of sweet and savory (these are more salty than flavored with anything) and are very good.,"{""label"": ""positive"", ""confidence"": 0.92, ""reason"": ""Overall praise, would recommend""}",489,53,0.246,positive,0.92,"Overall praise, would recommend",True,,positive,positive
"My cat is a bit finicky and it takes him time to adjust to new foods but I have gotten some good reactions from him from this variety pack. My cat is of course a big fan of seafood derived products and I will give you his response to the four flavors in this variety pack. Red Snapper Entree: Absolutely fantastic, he eats it all with vigor and then looks for more. Very happy with this flavor. This is his favorite. Yellow fin tuna entree: He eats it all but finishes it slowly, not as enthusiastic as with the snapper but he eats it all and seems to enjoy it. Steamed Tuna & Sole Entree: Same as the snapper, he ate it all immediately and wanted more. Steamed Tuna & Shrimp: He ate it all but slowly. All in all this selection of cat food was a wild success with my cat because he can be very finicky and he will snub his nose at many different brands and flavors. Eery cat is different but I usually consider anything seafood based to be a pretty good bet and this selection was a big hit with my cat. 5 Stars I couldn't tell you how many brands and flavors I have gone through with my cat just to find things he will eat. SO I am very happy with this selection because he enjoyed and ate all four flavors with no problem. Aout this style of cat food. This is the liquidy type, not the type that is firm. It is much like a thick soup with lots of broth and fish. You can spoon it into the cats dish.- almost pour it.","{""label"": ""positive"", ""confidence"": 0.93, ""reason"": ""Reviewer praises cat's enjoyment and rates 5 stars""}",749,47,0.242,positive,0.93,Reviewer praises cat's enjoyment and rates 5 stars,True,,positive,positive
The only hot mustard worth buying yet my local stores quit selling it. Store buyers are uninformed on some products.,"{""label"": ""positive"", ""confidence"": 0.82, ""reason"": ""Praises product, store issue doesn't reject it""}",450,112,0.354,positive,0.82,"Praises product, store issue doesn't reject it",True,,positive,positive
"I don't know which was worse, the ginger or the lemon cookie. All I can say is the texture is really off putting to me. Gluten-free is challenging and getting the best texture is difficult. Seems like too much reliance on rice flour (cheaper). Maybe an increase in another gluten-free flour would help. I ended up donating them to the local food bank.","{""label"": ""negative"", ""confidence"": 0.92, ""reason"": ""Rejects product, donates it, cites poor texture""}",501,72,0.254,negative,0.92,"Rejects product, donates it, cites poor texture",True,,negative,negative
"I'm still disappointed with the ""lower sodium"" label. Of course you will get less sodium if you decrease the amount in the cup by 50%! The large Mc Dougall soup cups contain two servings typically - have you tried to share one or keep it for another day? My solution is to use about 3/4 of the ""seasoning packet"" (assuming that the sodium is there and not in the dried flakes). The flavor and texture are still good. I wish their advertising was more transparent - it would make me trust the company a little more.","{""label"": ""neutral"", ""confidence"": 0.66, ""reason"": ""Disappointed but still finds flavor good, not rejecting product""}",540,93,0.312,neutral,0.66,"Disappointed but still finds flavor good, not rejecting product",True,,positive,neutral
"I can only find this product online, and I LOVE IT. This taste awesome! I love butterscotch and this is not only perfect to drink it is great to use in a lot of different recipes. Only problem is how fast we go through a box...","{""label"": ""positive"", ""confidence"": 0.92, ""reason"": ""Enthusiastic praise, minor complaint about usage speed""}",481,51,0.187,positive,0.92,"Enthusiastic praise, minor complaint about usage speed",True,,positive,positive
"A friend of mine got me to try this Espressione Espresso whole bean coffee in my fully automatic coffee machine. It's very good. This is a rich blend of coffee which is perfect for pulling espresso shots, preparing milk based coffee beverages such as lattes and cappuccinos or my early morning standby a rich, steamy Americano. I did some research and learned that this product comes from one of the largest roasters in Italy located on the Amalfi Coast. When you do the mathematics, this is priced better than Lavazza, Illy or other well known Italian roasters. Try it...you'll like it.","{""label"": ""positive"", ""confidence"": 0.96, ""reason"": ""Enthusiastic praise and recommendation""}",553,61,0.39,positive,0.96,Enthusiastic praise and recommendation,True,,positive,positive
A must have for every IT Guy that needs a boost to start their day. I'm not a morning person but my users notice a difference after I've had my morning Monster.,"{""label"": ""positive"", ""confidence"": 0.92, ""reason"": ""enthusiastic endorsement, recommends product""}",461,54,0.282,positive,0.92,"enthusiastic endorsement, recommends product",True,,positive,positive
"We have tried several brands of olive juice. We love extra dirty vodka martinis. Dirty Sue is the best, but the most expensive. The ""Saucy Momma"" brand is in second place and is much cheaper. Dirty Sue has a better flavor than Saucy Momma. And, with Saucy Momma, there is some white oily substance that floats in the martinis and makes many people not want to drink it.","{""label"": ""positive"", ""confidence"": 0.68, ""reason"": ""Overall praise for best brand despite noting cheaper alternative's flaw""}",514,147,0.43,positive,0.68,Overall praise for best brand despite noting cheaper alternative's flaw,True,,positive,positive
"The product is fresh and well packed. Very good for use as a oil for salads. While making them tasty, it is very good for health too!","{""label"": ""positive"", ""confidence"": 0.95, ""reason"": ""Praises freshness, usefulness, health benefits; no complaints""}",458,76,0.232,positive,0.95,"Praises freshness, usefulness, health benefits; no complaints",True,,positive,positive
We love Udi;s products but they are normal price at the store for $5-$7 for the bread & bagels & you can get them on sale sometimes also so they are way high price on this.,"{""label"":""neutral"",""confidence"":0.65,""reason"":""Loves product but complains price, not outright rejection""}",470,103,0.388,neutral,0.65,"Loves product but complains price, not outright rejection",True,,positive,neutral
This is a crunchy bar that is filling. It's a little salty and sweet. Too salty for me. It is filling.,"{""label"": ""neutral"", ""confidence"": 0.68, ""reason"": ""Mentions drawback (too salty) without rejecting product""}",452,87,0.252,neutral,0.68,Mentions drawback (too salty) without rejecting product,True,,positive,neutral
"I tried this product last year and loved it; when I went searching to replace it, it was no longer available in local stores. I was extremely happy to find it on Amazon. This powder has no sugar in it so sweeten it as you like when making cocoa or using in cakes, cookies, ect.","{""label"": ""positive"", ""confidence"": 0.95, ""reason"": ""Expresses satisfaction and enthusiasm, no rejection""}",490,61,0.341,positive,0.95,"Expresses satisfaction and enthusiasm, no rejection",True,,positive,positive
"I ordered the natural balance salmon dry dog food because I had good luck with the natural balance salmon dry cat food. Further, I am a pescatarian and was disappointed to see how almost every dry dog and cat food brand at the grocery stores and on the market contain chicken, lamb, or beef bi -products. I love my dogs, but I cannot see feeding baby lamb to my dog! Even the ""only fish"" labelled dog and cat foods on the market often contain chicken, etc when you look on the ingredients list. So I was very pleased to find a cost effective solution to this in natural balance. The only issue is that my dogs will not touch this food! They would rather starve than eat it it seems, perhaps because it is the diet formula? I'm not sure. However, I will say that they all (including the cat) flock to the Natural Balance salmon dry cat food lol so I will continue ordering that for the cat.","{""label"": ""negative"", ""confidence"": 0.78, ""reason"": ""Dogs refuse to eat; reviewer dissatisfied with product""}",620,116,0.617,negative,0.78,Dogs refuse to eat; reviewer dissatisfied with product,True,,negative,negative
"Got a brand new Keurig machine for Christmas and immediately went to work finding the cheapest and best tasting K-Cups on the market. I came across this when searching for some good Hot Cocoa and am amazed at how many K-Cups you really get out of this. 48 K-Cups for about $20 when I purchased was a great deal when most Hot Chocolate prices were 16 K-Cups for $15~$19. This is a great deal and you get to try out Peppermint, Dark Chocolate and Milk Chocolate. It's light on calories and most important of all taste GREAT! Must have if your a Hot Chocolate lover or have family that wants a easy to make, great tasting Hot Chocolate for less!","{""label"": ""positive"", ""confidence"": 0.95, ""reason"": ""Enthusiastic praise, highlights value and taste, recommends purchase""}",573,61,0.421,positive,0.95,"Enthusiastic praise, highlights value and taste, recommends purchase",True,,positive,positive
"I've been giving these out to customers at our grooming shop for the last several days, and the response has been very positive. Most dogs are anxious when they're at the shop, so very few will eat a treat. However, I've had several dogs eagerly enjoy these while waiting to go home. If a dog will eat these while waiting for their owner, they must be pretty darn good.","{""label"": ""positive"", ""confidence"": 0.96, ""reason"": ""Praises product, notes dogs eagerly eat, recommends""}",504,61,0.213,positive,0.96,"Praises product, notes dogs eagerly eat, recommends",True,,positive,positive
Its not that these bags are bad - its really more that it takes some time to get used to a compostable bag!! they aren't as 'strong' as the regular bags you're probably used to (and that goes for me too) so it has taken me some time to get used to the fact these bags don't stand up very long to let's say compost material - but I will say that if you are diligent about getting your composte down to the bin more frequently it is nice to be able to just throw bag and all into the bin!,"{""label"": ""neutral"", ""confidence"": 0.65, ""reason"": ""mentions drawbacks but doesn't reject product""}",536,89,0.269,neutral,0.65,mentions drawbacks but doesn't reject product,True,,neutral,neutral
"I used the full packet of seasoning mix and I though the broth had much more depth of flavor than most noodle cup type meals with distinguishable notes of lemongrass and ginger. I would rate the heat level at medium with a pleasant tingly mouth burn. Less salty but still plenty of sodium, there is plenty of broth so this would be a good one to use as a base with added vegetables and meat. Weak points are the dehydrated chicken and vegetables that have a distinctive dehydrated flavor.","{""label"": ""positive"", ""confidence"": 0.85, ""reason"": ""Overall praise with minor drawbacks, not rejecting product""}",528,77,0.332,positive,0.85,"Overall praise with minor drawbacks, not rejecting product",True,,neutral,positive
So natural and delicious. Finally a bar that doesn't have any soy protein isolate. Great texture and taste for pre or post workout!,"{""label"": ""positive"", ""confidence"": 0.96, ""reason"": ""Praises taste, texture, no soy, recommends for workouts""}",453,64,0.237,positive,0.96,"Praises taste, texture, no soy, recommends for workouts",True,,positive,positive
I needed vanilla beans to make vanilla extract. These beans are fresh and plump. They arrived quickly just as the seller described.,"{""label"": ""positive"", ""confidence"": 0.95, ""reason"": ""Praises freshness, quality, and fast delivery""}",453,70,0.216,positive,0.95,"Praises freshness, quality, and fast delivery",True,,positive,positive
"I have been eating these cookies most of my life (and I'm no youngster). These cookies have changed. I bought a package of them today and took them back to the grocery store, thinking that something was wrong with them. They tasted funny and seemed kind of stale. They gave me a different package which solved the stale problem. However, the taste is just not good. I don't know what Keebler has done to these cookies but I'm done buying them. They are just flat out not as good as they used to be.","{
  ""label"": ""negative"",
  ""confidence"": 0.92,
  ""reason"": ""Rejects product, will not buy again""
}",534,63,0.356,negative,0.92,"Rejects product, will not buy again",True,,negative,negative
"I was surprised to see so many negative reviews about these seeds. I think they are one of the best flavors! Taste is very subjective so it's one of those things where you just have to try them for yourself to see if you like it. Don't relyon 0ther's sense of taste to define yours! If you've tried the jalapeno hot salsa version, these are similar. It's very hard to find these at stores around me so I'm happy to find them on Amazon. Outside of the taste, the David brand typically has very good quality seeds. Rarely do you find stems or bad seeds and the jumbo versions are just plain awesome. After you've been eating the jumbo versions for a awhile, it's tough to go back to the regular sized seeds.","{""label"": ""positive"", ""confidence"": 0.93, ""reason"": ""Overall enthusiastic praise, no rejection""}",579,52,0.248,positive,0.93,"Overall enthusiastic praise, no rejection",True,,positive,positive
"These are pretty good! They have a nice crunch and satisfy that snacking urge. Sometimes, the amount of flavoring is uneven but that may just be settling. A good snack.","{""label"": ""positive"", ""confidence"": 0.86, ""reason"": ""Overall praise with minor uneven flavoring""}",464,64,0.202,positive,0.86,Overall praise with minor uneven flavoring,True,,positive,positive
"This is my first Amazon review because I really liked how this wine turned out. As with mostly all kits, all needed items came with the kit (juice, F-pack, labels, & corks, etc). Also, all directions were easy to follow. I did take the liberty and add an extra 5lbs of disolved sugar into primary fermentor. This wine would have given a ABV of abotu 5.5% without adding sugar. With the sugar I was able to take it up to 12% and the ""balance"" (your relationship between flavor and alcohol content)still really exists. Its been had by many people now, all with outstanding surprise on their faces! So for the price, this kit is well worth the time and money. Enjoy!","{""label"": ""positive"", ""confidence"": 0.92, ""reason"": ""Enthusiastic, recommends, happy with price""}",585,41,0.176,positive,0.92,"Enthusiastic, recommends, happy with price",True,,positive,positive
"These organic pouches sell out FAST at the store, and with good reason! We love these fruit pouches-- they are portable, sized perfectly for kiddo hands, and offer a perfect, wholesome snack. Ingredients are organics and gives a healthy dose of omega-3. All organic with 100% natural ingredients, no pesticides, no chemical fertilizers, no genetic modifications, and no preservatives. The pouches themselves are are BPA and phthalate free. Compare the ingredient list on these snacks to the other fruit pouches and you will quickly see why these are so popular: Contains: Organic Banana, Organic Peach, Organic Mango, Salba That's it! Simple, pure, and healthy.","{""label"": ""positive"", ""confidence"": 0.95, ""reason"": ""Enthusiastic praise, no complaints""}",567,54,0.201,positive,0.95,"Enthusiastic praise, no complaints",True,,positive,positive
"Really like the tea, and it did cause moderate weight loss, however, it also caused intestinal upset which it said it wouldn't.","{""label"": ""neutral"", ""confidence"": 0.65, ""reason"": ""likes product but mentions significant side effect without rejecting""}",453,91,0.291,neutral,0.65,likes product but mentions significant side effect without rejecting,True,,positive,neutral
Most everyone has had a triscuit before. We like tem in our family because the ingredients are so minimal and basic. Ordering them through Amazon was a good choice because I know the product and I know we will eat them. I did some price comparing with my local supermarket before making the purchase and it was worth a bit of savings on the family size boxes.,"{""label"": ""positive"", ""confidence"": 0.92, ""reason"": ""Praises product, mentions savings, no complaints""}",500,58,0.234,positive,0.92,"Praises product, mentions savings, no complaints",True,,positive,positive
"My puppy is teething so I had previously purchased the original Nylabone made out of flavored plastic. The dog loved it, not super excited about the regular bone but she did put a lot of work into destroying it. When she finally finished the original plastic bone I decided to go back to the store and grab some more. I was looking around and came across these, ""natural,"" flavored bones and thought.... ""SWEET!!! Same great bone but easier to digest!"" How wrong I was. First off this is NOTHING like the plastic teething bones. They crumble easily... and by easily I mean my 3.5 month old Wheaten Terrier destroyed these in less than 30min, and she's only about 15 pounds right now. They are recommended for dogs 6 months + with pretty much a full set of permanent teeth because they can shred the bone more easily and to a finer debris. For my dog this was BS... she destroyed these into tiny little flakes that can be easily digested AND managed to get them all over her underbelly and tangled in her fur. The mess wasn't an issue.. the durability was. This is basically an expensive treat, I much rather give her bullysticks over this as a treat (and they last longer). If your dog is teething, this is def NOT the Nylabone version you want. Stick to the original plastic flavored bones or frozen towels. Both work great.","{""label"": ""negative"", ""confidence"": 0.92, ""reason"": ""Reviewer rejects product, says it fails and advises against buying""}",718,48,0.274,negative,0.92,"Reviewer rejects product, says it fails and advises against buying",True,,negative,negative
"I recently ordered these and was extremely disappointed. Here were the problems: 1) OLD!! They actually tasted dusty and I could feel no potency in them at all. 2) Wolfberries not Goji Berries. Since I've consumed Goji's from many sources over the years, I know which are the highest quality Goji's (usually quite expensive), which are less potent, and which are the different tasting Wolfberry variety that many sellers pass off as Goji's but are not the same. Wolfberry has its own benefits (not nearly those of Goji IMO), but for Wolfberries these are widly overpriced. You can get the same in Chinese stores for probably closer to $10 for twice the amount. With the dollar devaluation top quality Goji berries have gotten very expensive for regular use. So if you're looking for cheaper alternatives like I was here, look elsewhere. Check out some of the cheap goji berries (that are in fact wolfberries and usually say so) on Ebay from Chinese sources. They'll be quite a bit cheaper and likely quite a bit fresher.","{""label"": ""negative"", ""confidence"": 0.93, ""reason"": ""Reviewer rejects product, cites poor quality and advises against buying""}",647,63,0.243,negative,0.93,"Reviewer rejects product, cites poor quality and advises against buying",True,,negative,negative
Excellent flavor with that extra kick I like. Great brand. I enjoyed this blend and shared it with friends who also loved it,"{""label"": ""positive"", ""confidence"": 0.93, ""reason"": ""Praises flavor, brand, and recommends sharing""}",453,46,0.198,positive,0.93,"Praises flavor, brand, and recommends sharing",True,,positive,positive
When I ordered this product I received free shipping. Since then they have added shipping and it is high. I won't be ordering this again. I have to say my dogs really loved these cookies. I have since bought them in town. Paul Newman makes great products..,"{""label"": ""negative"", ""confidence"": 0.78, ""reason"": ""Rejects ordering again due to high shipping despite liking product""}",480,114,0.372,negative,0.78,Rejects ordering again due to high shipping despite liking product,True,,positive,negative
"My Cavalier King Charles Spaniel puppy LOVES these treats and will do just about anything for them! They are the perfect size for training, especially for small breed puppies. Highly recommend!","{""label"": ""positive"", ""confidence"": 0.96, ""reason"": ""Enthusiastic praise and recommendation""}",465,44,0.173,positive,0.96,Enthusiastic praise and recommendation,True,,positive,positive
"These are the best Baked Beans, no brown sugar, or pork, or bacon, or any other add-ons, Beans in a tomato sauce plain and simple but full of flavour! Great fibre very healthy, the English style Beans.","{""label"": ""positive"", ""confidence"": 0.93, ""reason"": ""Enthusiastic praise, recommends product""}",474,48,0.586,positive,0.93,"Enthusiastic praise, recommends product",True,,positive,positive
I tried these chips about 4 years ago before the blue corn tortilla chips were popular. The second I finished eating one chip I knew I would be a customer for life. These are absolutely amazing. I wish all of the ingredients were organic but i won't be too picky. The 12 bags are quite a bit to get in one order but it is much cheaper than getting it at a local store. If you like to entertain these would be a good idea to keep handy for a more healthy option for your guests. I love these little guys. I would recommend to anyone.,"{""label"": ""positive"", ""confidence"": 0.96, ""reason"": ""Enthusiastic praise, recommends, no rejection""}",543,47,0.705,positive,0.96,"Enthusiastic praise, recommends, no rejection",True,,positive,positive
"Bought four, 2 lb bags and use them to make bread and pizza dough. If you have fantacies of that perfect italian pizza you had while touring through Italia, this flour is just the thing. The dough even smells slightly better, the final product produces the closest thing to that wonderful crust you can't find in the USA. It's worth the dough, for the dough.","{""label"": ""positive"", ""confidence"": 0.96, ""reason"": ""Enthusiastic praise, recommends product""}",502,59,0.213,positive,0.96,"Enthusiastic praise, recommends product",True,,positive,positive
"This the real green tea. I went to the do some groceries the other day and I did not find real green tea...so, I will order other bag again! Good source of energy, it controls the anxiety. I am used to drink the tea before doing my workout and after. It is perfect to take care o you health.","{""label"": ""positive"", ""confidence"": 0.92, ""reason"": ""Overall praise, intends to reorder, no rejection""}",495,83,0.287,positive,0.92,"Overall praise, intends to reorder, no rejection",True,,positive,positive
"We love these fruit snacks! They are a great, healthy ""sweet"" snack for the kids and I am very happy that they are organic. These sell for 0.99 each in the store so they are a great deal on Amazon. The flavors are very tasty, but sour apple is my least favorite (it's quite sour).","{""label"": ""positive"", ""confidence"": 0.92, ""reason"": ""Overall enthusiastic praise despite minor flavor note""}",494,52,0.227,positive,0.92,Overall enthusiastic praise despite minor flavor note,True,,positive,positive
"I'm a huge fan of torrone - it just is not Christmas without it. This is the first time I tried this brand and found it to be quite tasty (especially the lemon version). Each one comes individually wrapped so it's easy to parcel them out as stocking stuffers. This is the white torrone that is semi-hard. There's also a version that is chocolate-based and very soft (basically, the white nougat is replaced with a dark chocolate nougat, with a lot of hazelnuts and wrapped in the edible paper). That is my all-time favorite, especially the one made in L'Aquila, Italy (sorry, can't remember the brand name) which is not sold in the US. If you're ever there, you have to try it.","{""label"": ""positive"", ""confidence"": 0.93, ""reason"": ""Praises taste and packaging, recommends product""}",580,57,0.2,positive,0.93,"Praises taste and packaging, recommends product",True,,positive,positive
They have a juicy flavor I really liked. I go through about 2 boxes a week. Will definately be purchasing more.,"{""label"": ""positive"", ""confidence"": 0.93, ""reason"": ""Enthusiastic praise and intent to repurchase""}",452,47,0.236,positive,0.93,Enthusiastic praise and intent to repurchase,True,,positive,positive
"This is a great product for healthy living it helps to reduce cholesteral,contains omega 3,6 and 9. Just like its mention on the package it can be used for heart health, weight support, maintain regularity and blood glucose support.This product I have seen in my health food stores.","{""label"": ""positive"", ""confidence"": 0.92, ""reason"": ""Enthusiastic praise, no complaints""}",489,57,0.238,positive,0.92,"Enthusiastic praise, no complaints",True,,positive,positive
"I'm half way through my first box of this Twinings tea. I've lived in India and, when having had access to a kitchen, have made my own from scratch using the same ingredients as in this tea bag (I added a little black pepper). Twinings tea is a good substitute to scratch. I make this tea in a 20-oz mug and let the bag steep for at five minutes (longer is better) to get the full flavor (I usually steep tea bags for only a minute or two). Unlike an earlier reviewer, I don't get any mint taste (the box ingredient list is: tea, cinnamon, cardamom, cloves and ginger). I drink this tea with about 1/4 cup whole milk, 2 teaspoons xylitol, and 1 teaspoon of white stevia powder extract. Yummy! I'd give this product five stars if it were organic.","{""label"": ""positive"", ""confidence"": 0.93, ""reason"": ""Overall praise, would recommend, minor wish for organic""}",607,65,0.265,positive,0.93,"Overall praise, would recommend, minor wish for organic",True,,positive,positive
"Tasted absolutely tremendous. Stuck it in a blender along with some carrots, avocado, soy milk, bananas, and lucky charms and froze the mixture on a popsicle. Would definitely recommend.","{""label"": ""positive"", ""confidence"": 0.96, ""reason"": ""Enthusiastic recommendation and praise""}",466,44,0.247,positive,0.96,Enthusiastic recommendation and praise,True,,positive,positive
Tasty and a bit out of the ordinary. It's nice to be able to get it here.,"{""label"": ""positive"", ""confidence"": 0.92, ""reason"": ""Praises taste and availability, no criticism""}",447,76,0.254,positive,0.92,"Praises taste and availability, no criticism",True,,positive,positive
"After reading all the reviews I thought my dog was going to scarf this food down. He didn't and because of that I know he didn't really love it. Also, this food smells really bad. I don't know if I just never notices bad dog food smell before but as I was pouring this into his bowl, I was like ""Ewwww"". I will not buy this food for my dog.","{""label"": ""negative"", ""confidence"": 0.93, ""reason"": ""Reviewer rejects product, won't buy again""}",507,44,0.795,negative,0.93,"Reviewer rejects product, won't buy again",True,,negative,negative
"I gave the bigger version of these to my dog Murphy, and he seemed to love them. These arrive from Amazon pretty fast as usual, and I soon unleashed a few on the big guy. Chomp Chomp Chomp... he was chewing away... I read some other reviews where their dogs had issues with these bones. I checked on my dog a few hours later, and he was fine. Its hit or miss with these. I own a english lab btw.","{""label"": ""positive"", ""confidence"": 0.92, ""reason"": ""Reviewer reports dog enjoyed product, no rejection""}",521,58,0.383,positive,0.92,"Reviewer reports dog enjoyed product, no rejection",True,,positive,positive
"Love the taste of this product, really keeps you full with just a small amount. First bought it at Costco, they no longer sell this product. The reason for the two stars, half the bag was crushed, could eat it with a spoon.","{""label"": ""negative"", ""confidence"": 0.82, ""reason"": ""Likes product but rejects due to crushed bag""}",477,86,0.409,negative,0.82,Likes product but rejects due to crushed bag,True,,negative,negative
"I enjoy sprinkling Ezekiel 4:9 Organic Sprouted Grain Cereal on my Spoon Size Shredded Wheat and enjoying it with some fresh fruit and Activia yogurt. We have tried two of their four flavors. It is similar to Grape Nuts, but not as hard on the teeth. We always order more in plenty of time to assure that we never run out.","{""label"": ""positive"", ""confidence"": 0.95, ""reason"": ""Enthusiastic, repeats ordering, no complaints""}",504,58,0.269,positive,0.95,"Enthusiastic, repeats ordering, no complaints",True,,positive,positive
"This is not the eye dye as pictured, the quality is inferior and does not produce the beautiful red hue at all. The eggs turn out pink as if I had used a market food dye. Dissapointed, will not buy again.","{""label"": ""negative"", ""confidence"": 0.93, ""reason"": ""Explicit rejection and won't repurchase""}",475,59,0.289,negative,0.93,Explicit rejection and won't repurchase,True,,negative,negative
I was previously using Kleritea which was recommended by a pharmacist. Kleritea worked but was expensive and did not taste good. I decided to try this tea by Yogi since it is more reasonably priced. It works just as well as Kleritea and tastes much better! I recommend it...it does the trick.,"{""label"": ""positive"", ""confidence"": 0.93, ""reason"": ""Praises effectiveness, taste, recommends purchase""}",496,59,0.274,positive,0.93,"Praises effectiveness, taste, recommends purchase",True,,positive,positive
"As a previous reviewer stated - I used to buy this product and it was very good - very spicy. I have purchased several jars over the last several months, at different locations, and this product no longer is any good - at all. The jar I just opened was supposed to be good until 2011 - it was totally bland, and looked old. I don't know what Thai Kitchen is doing - but - their curry pastes are bland. It seems like the curry is very old. Or, the jars are not sealed properly. I have even sent emails to Thai Kitchen about this. This vendor has a problem. Go to an Asian market and get a real curry paste. It makes a WORLD of difference. (I'm sorry Thai Kitchen - but you need to get it together !!)","{""label"": ""negative"", ""confidence"": 0.93, ""reason"": ""Reviewer rejects product, calls it bland and advises others not to buy""}",586,68,0.243,negative,0.93,"Reviewer rejects product, calls it bland and advises others not to buy",True,,negative,negative
We were looking for a solid sauce for a tailgate sandwich and this really fit the bill. Just enough spice to let you know it is there and that great vinegar flavor.,"{""label"": ""positive"", ""confidence"": 0.92, ""reason"": ""Satisfied, product met expectations for flavor""}",462,58,0.374,positive,0.92,"Satisfied, product met expectations for flavor",True,,positive,positive
"If you're from Brooklyn there's really only one chocolate syrup for your milk or egg creams. Fox's is THE cult favorite dating way back maybe even before trolley cars and the original TROLLEY DODGERS! No bona fide Brooklynite or ex-patriate, such as myself, would ever consider a substitute. Hershey be da----!This is the real deal; accept no substitutes. My only regret is the shipping cost from this purveyor. It's cheaper to get on a train and visit the nearest NYC Gristede's; and you get a day in Manhattan to boot! 5 stars plus for this wonderful, unbeatable product. Zero stars for the not to be believed cost to get it home. Demand it of your local super market manager.","{""label"": ""positive"", ""confidence"": 0.92, ""reason"": ""Overall enthusiastic praise, minor shipping complaint""}",579,68,1.064,positive,0.92,"Overall enthusiastic praise, minor shipping complaint",True,,positive,positive
I have been using this bread mix for over a year now and have not found anything that tastes better. It is the closest you can get to good bread texture and tastes somewhat like a grain bread. I recommend using a bread machine. Simple to prepare.,"{""label"": ""positive"", ""confidence"": 0.95, ""reason"": ""Praises taste, recommends, no complaints""}",478,62,0.208,positive,0.95,"Praises taste, recommends, no complaints",True,,positive,positive
"This is a nice, moist bar that has a very distinct banana bread taste. The bits of nut are decently sized, and add good flavor. I didn't find the bar particularly filling, but its 5 grams of fiber and 6 grams of protein will probably make it a filling snack for some people. I probably would not buy this again, however, because of the high carbohydrate content.","{""label"": ""negative"", ""confidence"": 0.78, ""reason"": ""Reviewer says they probably would not buy again""}",506,140,0.412,negative,0.78,Reviewer says they probably would not buy again,True,,positive,negative
"My American Bulldog, Chaos, loves Dingo Dental Bone. Sadly, the bone is gone within a day because of his teeth! But it's ok because what matters is that he's entertained when he chews on it and does not chew on things that he's not supposed to :-).","{""label"": ""positive"", ""confidence"": 0.92, ""reason"": ""Satisfied, dog enjoys product despite quick consumption""}",482,65,0.245,positive,0.92,"Satisfied, dog enjoys product despite quick consumption",True,,positive,positive
"This is the cinnamon I grew up with, the milder version in UK desserts & curries. Great in oatmeal - no heat, just taste. Mine arrived very quickly in a ziplock bag, in another bag, in a mailing envelope. It didn't look like a pound until I transferred it into jars; this will last quite a while. As others have said, cinnamon verum is hard to find in the USA. A health newsletter told me verum is the healthy one to take, and that it tastes different from cassia. Online research told me it was the milder cinnamon I wanted, but I couldn't find it in supermarkets or even the local Indian food stores. I found it here, read the reviews, and Indus sounded like the best choice. It was the first of several items I ordered to arrive (3 days), and I have no reason to try any other brand. This is the stuff I was looking for.","{""label"": ""positive"", ""confidence"": 0.93, ""reason"": ""Enthusiastic, no complaints, would recommend""}",616,58,0.262,positive,0.93,"Enthusiastic, no complaints, would recommend",True,,positive,positive
"I started to drink only decaf, so my hubby gets to drink this. Up until the switch, I made this along with my decaf for a 1/2 & 1/2 brew. It was yummy and I was happy that it is also organic!","{""label"": ""positive"", ""confidence"": 0.92, ""reason"": ""expresses satisfaction and no complaints""}",482,58,0.266,positive,0.92,expresses satisfaction and no complaints,True,,positive,positive
"We typically buy the Donut Shop coffee and the Jet Fuel. My wife prefers Donut Shop, while I like the bolder Jet Fuel. It's not too strong, and not too weak. Just right, in my opinion. I'll keep buying in the future.","{""label"": ""positive"", ""confidence"": 0.93, ""reason"": ""Expresses satisfaction and future purchase intent""}",480,56,0.196,positive,0.93,Expresses satisfaction and future purchase intent,True,,positive,positive
"I bought this kit for my cats after buying them cat grass at the farmers market. They went crazy for it and the next time I went to market they were out of cat grass. Coming home emtied handed was not an option for my cats!! I bought the kit and it is a no brainer. The grass comes up in a few days when put in sunlight. It takes about a week to get it up to the size for the cats to enjoy and it last about a week. It is worth it to see them devour the first blades when I put it out. My cats are two full grown 20lb kittys! They would live without out it but really like having it to munch on. The combination of oat, rye, wheat and barley must make it tastier than just the oat grass that I get at the farmers market.","{""label"": ""positive"", ""confidence"": 0.96, ""reason"": ""Enthusiastic, recommends, no complaints""}",600,45,0.844,positive,0.96,"Enthusiastic, recommends, no complaints",True,,positive,positive
Why don't more places sell this product? I have a hard time finding it. This stuff is DA BOMB!!!! White sugar is no good for diabetics and that stuff they have for diabetics is nasty.A few kernels of this in your tea or coffee makes all the difference in the world. I love it so I bought a case. Very happy. The price is reasonable too.,"{""label"": ""positive"", ""confidence"": 0.93, ""reason"": ""Enthusiastic praise, repeat purchase, happy""}",504,59,0.283,positive,0.93,"Enthusiastic praise, repeat purchase, happy",True,,positive,positive
"This is definitely one of my favorites it has a fresh and great coffee taste, it's delicious. This will definitely be a must buy for those that like strong (almost espresso) coffee. If you need some energy and a nice strong kick in the morning this is definitely the coffee for you. I know I do, I live in NYC and have an awful commute in the morning. So, I need lots of caffeine to get through my commute and the rest of the day. I wasn't really getting that from some of my other coffee choices of the k-cups. I just got my machine and I am experimenting with all the extra and extra-extra bold coffees and so far between this one and the Timothy's Parisian Nights. So, so good I love them!! This is very addicting, strong coffee!!! ;o)","{""label"": ""positive"", ""confidence"": 0.95, ""reason"": ""Enthusiastic praise, recommends purchase""}",592,39,0.169,positive,0.95,"Enthusiastic praise, recommends purchase",True,,positive,positive
"I am so excited Amazon sells this!My husband brought this coffee, among others, back from a backpacking trip to Costa Rica. By far this is my favorite. It is complex, nutty with a toasty, chocolate like finish. It is not too dark, does not have that burned bean Starbucks taste, and has a nice body and mouth feel. I am very picky about coffee and like Kenya AA, Kona and Costa Rica Tazzaru. If you like any of these, you might like this coffee too.","{""label"": ""positive"", ""confidence"": 0.95, ""reason"": ""Enthusiastic praise, recommends, no rejection""}",533,56,0.198,positive,0.95,"Enthusiastic praise, recommends, no rejection",True,,positive,positive
"This review is not about the benefits of the product. I've heard a lot of good things and that's why I bought it. I wish this was not ""pitted"". At least I would have been pitting them while eating them and expecting a pit in every date. About 1 out of 8 dates only is completely pitted, and the other 7 are either not pitted, half pitted, quarter pitted, crushed pit inside, etc. Whichever technique was used in pitting was a fail and a waste of time and quality. Result is toothaches and possibly breaking tooth or crown if not being very careful. 2 stars gone there. Combination of price + S&H is a little high. 1 star gone there. UPDATE: So after trying to ignore all the bad dates I've gotten so far I couldn't take anymore. The dates are full of black dots and many of them have bugs, or bugs' eggs. I found out that where a bitter funky tasting one crushed in my mouth I checked it and it had bugs' eggs. Really? How old are these dates? They're too dry and old. There goes another star.","{""label"": ""negative"", ""confidence"": 0.95, ""reason"": ""Reviewer rejects product, cites multiple serious flaws""}",660,64,0.448,negative,0.95,"Reviewer rejects product, cites multiple serious flaws",True,,negative,negative
"Excellent coffee that provides the best of both worlds! Very smooth, and medium bodied! Great cup of coffee when you only need or want half of the caffeine shot!","{""label"": ""positive"", ""confidence"": 0.93, ""reason"": ""Enthusiastic praise, no rejection""}",461,57,0.437,positive,0.93,"Enthusiastic praise, no rejection",True,,positive,positive
"I'm really happy with this Sparkling Ice water. The orange mango has a nice flavor, light carbonation, and it's not as sweet as Vitamin Water. Per bottle, you get 20% of your daily B-vitamins, Vitamin D, and Biotin. There's also green tea extract that adds a little antioxidant. I like the bottle, too. It's 17 oz, but it's a longer, thinner bottle than Gatorade or Vitamin Water. So, for my small hands, it's easier to hold. That might be a silly thing to share in my review. But I think ergonomics do matter! Overall, this is a very good product. And the shipping from Amazon was very fast. I'm looking forward to trying the other Ice flavors.","{""label"": ""positive"", ""confidence"": 0.96, ""reason"": ""Overall praise, happy, recommends future flavors""}",578,45,0.222,positive,0.96,"Overall praise, happy, recommends future flavors",True,,positive,positive
"This was a good deal, and the bulbs are perfect for special areas where dim lighting sets the mood.","{""label"": ""positive"", ""confidence"": 0.92, ""reason"": ""praise of value and product performance""}",448,75,0.232,positive,0.92,praise of value and product performance,True,,positive,positive
"I thought I finally found a toy that would last for hours with my doberman and pit bull. The first time I gave them the everlasting treat ball it did take a few hours for them to figure it out which was fantastic, but now they know how to pop the treat out within 5 to 10 minutes!! They also love the bouncy ball with the rawhide rings, but again they get those out in one minute. These toys are to expensive to go that fast. I'm sure these work great for smaller breeds.","{""label"": ""neutral"", ""confidence"": 0.68, ""reason"": ""Disappointed toys wear out quickly, but no clear rejection""}",534,95,0.456,neutral,0.68,"Disappointed toys wear out quickly, but no clear rejection",True,,neutral,neutral
I've always tried to feed my dogs the best. Have been careful about labels etc. but Newman's Own Organic is by far my favorite. The dogs love it too. I wish the price was a tad lower but I'll continue to buy it.,"{""label"": ""positive"", ""confidence"": 0.92, ""reason"": ""Overall praise, would continue buying despite price comment""}",476,60,0.232,positive,0.92,"Overall praise, would continue buying despite price comment",True,,positive,positive
Excellent cookie. Lots of raisens. Perfect spices. My husband put them in the microwave for a few seconds they were even better. The 4 star instead of 5 was because one package was crushed and the cookies were crumbs. Very good cookie!,"{""label"": ""positive"", ""confidence"": 0.92, ""reason"": ""Overall praise, 4‑star rating despite minor issue""}",478,77,0.241,positive,0.92,"Overall praise, 4‑star rating despite minor issue",True,,positive,positive
"Great, natural product for the dogs. They think they are eating candy, but really are eating a wholesome snack food.","{""label"": ""positive"", ""confidence"": 0.93, ""reason"": ""Praises product, no complaints""}",451,51,0.209,positive,0.93,"Praises product, no complaints",True,,positive,positive
Timothy makes a good decaf. It is a medium flavored blend that works for both my husband and me. He uses the largest size on our Keurig and I use the medium size as I like a bolder coffee.,"{""label"": ""positive"", ""confidence"": 0.95, ""reason"": ""Praises flavor and suitability, no rejection""}",473,60,0.232,positive,0.95,"Praises flavor and suitability, no rejection",True,,positive,positive
"At first I doubted that these were going to be JUST APPLES. But they are! no sugars added which is great, because apple chips are amazing on their own! Forgo the hassle of making them on your own every once and a while and order a few from Bare Fruit. I don't think you will be disappointed. The granny smith apples are true to the fresh apple flavor. Great snack alone or maybe dipped in a little homemade peanut butter spread. ENJOY!","{""label"": ""positive"", ""confidence"": 0.95, ""reason"": ""Enthusiastic praise, recommends purchase""}",522,58,0.206,positive,0.95,"Enthusiastic praise, recommends purchase",True,,positive,positive
"I just received them today and my little weimaraner pup just LOVES the one she has now. Yes.....they do smell, but I am glad they do. I really would be skeptical purchasing an ""odor free"" bull penis, after all. My dog seems to really love the aroma. I don't always sit next to her during a chew-fest though ! Great item, nicely wrapped in individual packages and quick shipping.","{""label"": ""positive"", ""confidence"": 0.93, ""reason"": ""Enthusiastic praise, recommends, no rejection""}",514,62,0.239,positive,0.93,"Enthusiastic praise, recommends, no rejection",True,,positive,positive
"While I consider the term ""healthy grains"" to be an oxymoron, this is perhaps one of the most healthy cereals being sold. The ""clusters"" are fairly small but still reasonable to eat with your fingers dry if you don't wish to eat this like a typical cereal in a bowl with a liquid poured on it. The sugar to fiber ratio is excellent (1:1). The grains are ""good"" grains (no wheat). And while ""evaporated cane juice"" may not be a ""refined sugar"" it is still sugar, but in a small enough amount to be reasonable (as a guideline I try to consume at least as much fiber than sugar). The taste is good. The texture is good. The ""blueberry"" is ""blueberry puree"" and gives just a hint of blueberry flavor. All in all a decent product, even though I advise against consuming grains. For healthy eaters, these make a nice ""change of pace"".","{""label"": ""positive"", ""confidence"": 0.88, ""reason"": ""Overall favorable with minor caveats, recommends product""}",622,71,0.231,positive,0.88,"Overall favorable with minor caveats, recommends product",True,,neutral,positive
"I have been buying good sense pumpkin seeds for quite a number of years, on a very consistent bases. You have now lost all of my business and I will no longer be buying your pumpkin seeds, due to the fact that you have raised your prices so drastically! I usually buy 6 to 8 cases at a time, with each order and it seems that you have taken that for-granted and think that I am hooked and will pay any price... You are totally wrong and your arrogance proceeds you!!! I am no longer a steady customer of yours, as I will no longer play your ideological pricing games. Good By and Good luck trying to sell to anyone else, with the acception of that FOOL who will get on here and try to back you!!!","{""label"": ""negative"", ""confidence"": 0.92, ""reason"": ""Reviewer rejects product due to price hike, vows not to buy again""}",581,70,0.234,negative,0.92,"Reviewer rejects product due to price hike, vows not to buy again",True,,negative,negative
"I was excited to try this decaf variety pack but it arrived today in brown paper bag just like the other review said. some of the k-cups were slightly squished but not broke open. I was very disappointed for 2 reasons: 1) The photo in the variety shows 3 of each kind of flavor/brand but my package has 7 of one, 5 of another and one or two of the other flavors. not a good ""variety"" 2) The package i received had 7 that were EXPIRED, but not just expired, 3 months out of date! That's 7 out of a 30 pack, almost a 1/3 of the package. I think the company needs to re-think their idea of customer service as this seems to be an ongoing issue. I am not the first customer this has happened to and i dont think ill be the last. I will be calling the company tomorrow demanding a replacement for the expired ones but to send different flavors for the missing variety ones. WARNING to all future customers... CHECK THE DATES OF YOUR K-CUPS!!! Not happy at all..i will never buy from them again.","{""label"": ""negative"", ""confidence"": 0.96, ""reason"": ""Explicit rejection and vow never to buy again""}",666,58,0.221,negative,0.96,Explicit rejection and vow never to buy again,True,,negative,negative
"In the past I've enjoyed drinks with Aloe Vera. And I love green tea, so I had high hopes for this drink. The taste is ok, though the bits of passion fruit make give it a texture that is rather slimy. That combined with the fact a one cup serving has 80 calories, makes this a drink I would have to pass up. This might not be a problem for green tea drinkers that are not worried about calories, but they might be turned off by the bits of passion fruit floating around in the drink. Also the price is a bit prohibitive. It works out to $2.08 per bottle, which seems a bit much for an 11.5 oz drink.","{""label"": ""negative"", ""confidence"": 0.78, ""reason"": ""Rejects purchase due to texture, calories, and price""}",569,100,0.934,negative,0.78,"Rejects purchase due to texture, calories, and price",True,,negative,negative
Very disappointed with this item. It arrived very quickly but it is small and tips over easily when you lift the dispensing handle. The mouth opens to dispense the candy but then doesn't close as the M&M's are all stuck in the mouth. Will be returning this item.,"{""label"": ""negative"", ""confidence"": 0.93, ""reason"": ""Reviewer rejects product and plans to return it""}",481,45,0.233,negative,0.93,Reviewer rejects product and plans to return it,True,,negative,negative
"I have for the last 4 years purchased flowers from pro-flowers, they were great especially when I was deployed. Hassle free and the quality was always excellent. However I decided to try buying them from amazon this time, for my wife and our one year anniversary. Huge mistake. While the color was what I expected, I did not expect the flowers to arrive bruised and some of them smushed and miserable looking. Needless to say, this will be my last time ordering flowers from amazon. I know there isnt some person working in an amazon warehouse putting these arrangements together, that it was fufilled by a middle man but seriously. Really huge let down.","{""label"": ""negative"", ""confidence"": 0.92, ""reason"": ""Rejects product, vows not to buy again""}",562,62,0.881,negative,0.92,"Rejects product, vows not to buy again",True,,negative,negative
All this hype about this stuff and it hardly did anything for me. The best one for me is AMP but I guess every one is different. What works for one may not work for another. It's best to experiment with different drinks until you find the one that does the job.,"{""label"": ""negative"", ""confidence"": 0.86, ""reason"": ""Calls hype, ineffective, implies regret""}",483,83,0.292,negative,0.86,"Calls hype, ineffective, implies regret",True,,neutral,negative
"Looks like product fits some espresso machines but it is not working with nespresso ""essenza"" machine, all you can get in cup just light brown water","{""label"": ""negative"", ""confidence"": 0.88, ""reason"": ""Product fails to work, reviewer rejects it""}",459,64,0.306,negative,0.88,"Product fails to work, reviewer rejects it",True,,negative,negative
"Tully's Kona K-Cups are great. BUT -- I recently ordered them from Amazon, and received a case of K-cups which was sold to a Brian Ewing in Orange CT via KOHL's shipped direct from California. I have a Kohl's two miles from my house!!!! What a run-around. I'll never do that again. In the future I will go to my Kohl's, or order from a real on-line vendor, not someone playing games with purchases from a retail outlet and perhaps getting $10 on each $50 spent or ""points"" on their credit card. Sorry for such a review, but you deserve it. Muriel Fallon Florida","{""label"": ""negative"", ""confidence"": 0.78, ""reason"": ""Rejects Amazon purchase despite product praise""}",561,86,0.309,negative,0.78,Rejects Amazon purchase despite product praise,True,,negative,negative
"These might be a challenge for dogs in the 30-and-under weight class. My dogs liked them enough, to be sure, but the big guys--60 and 70 pound power chewers (black Kong dogs)--went through them in no time at all. No dental benefit at that rate. The Chihuahua wasn't interested, by the way.","{""label"": ""neutral"", ""confidence"": 0.65, ""reason"": ""Disappointed with durability, but not outright rejecting""}",496,95,0.28,neutral,0.65,"Disappointed with durability, but not outright rejecting",True,,neutral,neutral
"I received this broken as well. The steam function worked well, but the blades would not spin. After reading another review i decided to try fixing it myself before contacting customer service. I took the 5-6 screws out of the bottom and simply slipped the belt back on its gears. It works great now! I love it and it makes making baby food so simple. I would give it 5 stars if i didn't get in broken. Don't they have QC?","{""label"": ""positive"", ""confidence"": 0.85, ""reason"": ""Fixed defect, loves product, would rate 5 if not broken""}",521,117,0.323,positive,0.85,"Fixed defect, loves product, would rate 5 if not broken",True,,negative,positive
"I was somewhat disappointed with this coffee purchased thru Amazon, as I had got previously the Starbucks VIA ready brew coffee, decaf Colombia Roast which I enjoyed very much.","{""label"": ""neutral"", ""confidence"": 0.65, ""reason"": ""disappointed but not rejecting product""}",460,83,0.462,neutral,0.65,disappointed but not rejecting product,True,,neutral,neutral
I didn't find this product good for kids under 7 months. It's very thick which makes very hard to swallow.,"{""label"": ""negative"", ""confidence"": 0.88, ""reason"": ""Rejects product as unsuitable, advises against use""}",450,75,0.238,negative,0.88,"Rejects product as unsuitable, advises against use",True,,negative,negative
These bones look just as advertised and smell ok but my dog(who does like to chew on rawhide) won't go near them.,"{""label"": ""negative"", ""confidence"": 0.82, ""reason"": ""Product rejected; dog refuses to use it""}",454,85,0.355,negative,0.82,Product rejected; dog refuses to use it,True,,neutral,negative
"I have purchased this product in the past through Amazon for my twins and it was good. However, the last time I ordered the 6-pack in June, the cereal was stale and smelly. I opened a few cans and they were all the same. I called Amazon customer service and they were very helpful and gave me a refund. I don't think I will purchase this item again through Amazon, although I do purchase the majority of items for my twins(including diapers) at a great price from them.","{""label"": ""negative"", ""confidence"": 0.92, ""reason"": ""Rejects product due to stale, smelly cereal; won't buy again""}",529,79,0.248,negative,0.92,"Rejects product due to stale, smelly cereal; won't buy again",True,,negative,negative
"I've always loved this cereal ever since I was a little kid ,I'm originally from Mexico, of course back there is called ""Choco Krispis"" but is the same stuff. I've purchased 2 packages of 4 boxes each about two weeks ago ,the first boxes were great and I have no complaints ..but when I opened the second 4 boxes the cereal was either over baked or under baked ,because it had some really hard cereal pieces and when chewing it felt like I was eating hard candy with milk ,I thought that maybe it was just one box that it was like that but no ,I checked all 4 boxes and they were all the same ,not what I expected at all,I'm disappointed at Amazon for not having a higher product quality check and offering defective boxes like that and since I can't return groceries ..makes it a very frustrating experience ,that's why I'm giving it 3 out of 5 stars ,the cereal itself is my favorite ..it has the greatest chocolate flavor and a unique taste that in my opinion has no match ,this is a great product indeed ,though I would not recommend you to purchase it from Amazon ,better buy it at your local grocer to avoid frustrations.","{""label"": ""neutral"", ""confidence"": 0.92, ""reason"": ""Reviewer gives 3 stars, expresses disappointment without full rejection""}",668,87,0.288,neutral,0.92,"Reviewer gives 3 stars, expresses disappointment without full rejection",True,,neutral,neutral
"I'm not a big fan of this vanilla. It tastes very artificial to me. But my husband really likes it, so that's why I give it 3 stars. Generally he prefers lighter coffees, while I like medium-dark roasts. The Van Houtte is pretty light also but still tastes more natural to me.","{""label"": ""neutral"", ""confidence"": 0.92, ""reason"": ""Gives 3 stars, expresses dislike but not rejecting""}",491,70,0.277,neutral,0.92,"Gives 3 stars, expresses dislike but not rejecting",True,,neutral,neutral
"I have been drinking Gevalia Swiss Hazelnut for Tassimo for YEARS (at least 5) and have been on a subscription plan for delivery. Just opened one of the newly packaged products. Not only has the packaging changed, the product has changed immensely! It used to be a flavored coffee, pretty much unsweetened, but now it is LOADED with a sugar substitute and tastes positively disgusting. I'm sensitive to sugar substitutes, so a little WARNING about these changes would have been GREATLY appreciated. I now have several packages of this coffee that will end up in the garbage. It's been so sad to see the decline of number of products available for Tassimo, but now to see what little they have left starting to change for the worse - I guess it's time to switch to Keurig (as much as I really don't want to). I have cancelled all further subscriptions for this product.","{""label"": ""negative"", ""confidence"": 0.93, ""reason"": ""Rejects product, cancels subscription, calls taste disgusting""}",608,66,0.412,negative,0.93,"Rejects product, cancels subscription, calls taste disgusting",True,,negative,negative
"Soba noodles have flavor. The only issue I have with them, they break down very quickly.That is the only disappointing part about the sobas.","{""label"": ""neutral"", ""confidence"": 0.65, ""reason"": ""Mentions one drawback but no rejection, suggests moderate satisfaction""}",457,110,0.318,neutral,0.65,"Mentions one drawback but no rejection, suggests moderate satisfaction",True,,neutral,neutral
"I don't know why these are so expensive here, but they cost much less on Keurig's web site, or you can get a really large box of with twice as many at costco for the same price as Amazon. Usually Amazon has great deals, but this is really surprising! These are my favorite of the k-cups....I keep coming back to them.","{""label"": ""positive"", ""confidence"": 0.92, ""reason"": ""Loves product, repeats purchase despite price complaint""}",501,77,0.242,positive,0.92,"Loves product, repeats purchase despite price complaint",True,,neutral,positive
"This coffee is great for the first cup, but quickly becomes bitter when left on the warming plate. I have liked other coffee from this supplier, just not this particular one.","{""label"": ""negative"", ""confidence"": 0.65, ""reason"": ""Disappointed, won't repurchase this specific coffee""}",462,111,0.309,negative,0.65,"Disappointed, won't repurchase this specific coffee",True,,negative,negative
I found this canned pumpkin kind of bland and it needs extra spices to boost the flavor of it.,"{""label"": ""neutral"", ""confidence"": 0.65, ""reason"": ""Finds product bland, suggests improvement but not rejecting""}",447,85,0.3,neutral,0.65,"Finds product bland, suggests improvement but not rejecting",True,,negative,neutral
You know I really do love this product. I wish I could give the tea 5 stars because it really does brew up a very pleasant tasting iced tea that needs little sugar or other embellishments. The problem is it's loose and when you are trying to make a big jug of it with two packets of tea it is a huge mess to strain. And ordinary double mesh strainer is not fine enough. I don't have coffee strainers in the house so I had to line a mess strainer with paper towels and it took forever to strain. But when I strained it with just my mesh strainer there was a ton of tea in the jug. I wish the variety pack came pre-bagged like the smaller boxes of tea do.,"{""label"": ""positive"", ""confidence"": 0.88, ""reason"": ""Overall praise with minor inconvenience""}",575,73,0.311,positive,0.88,Overall praise with minor inconvenience,True,,neutral,positive
"I'm a fan of Fig Newtons. It's one of those treats that I associate with my grandparents and every time I have them, it takes me back to their cookie jar in the pantry. Since Nabisco is using the ""Newtons"" brand on this product, I felt that I would be a good judge of the new product. These are called fruit thins for a reason, as they are quite thin! I would say that they are equivalent to the thickness of a graham cracker, and about the same softness. The comparison to a graham cracker is apt because that's what I'm reminded of most when eating them. The honey flavor and the texture make them more like round graham crackers with fruit embedded in them than any kind of cookie that I've ever had. Overall, the taste is good, if a little sweet for my preference. I shared them with a 10-year-old and a 6-year-old to get the child's perspective and they really liked them. The serving size is three crackers, clocking in at 140 calories (45 from fat). The list of ingredients doesn't contain anything too scary or artificial, which is a good thing. The absence of high fructose corn syrup is welcome. The package I received was marked as having been made in Canada. Would I buy them again? Maybe, but probably not. They certainly aren't a replacement for the tried and true Fig Newtons in my book.","{""label"": ""neutral"", ""confidence"": 0.68, ""reason"": ""mixed praise, unlikely to repurchase, not a strong rejection""}",712,78,0.246,neutral,0.68,"mixed praise, unlikely to repurchase, not a strong rejection",True,,neutral,neutral
"While this has a good taste, it was too sweet for my taste. It makes a good warm drink on a cold day, I suppose, but I prefer tea.","{""label"": ""neutral"", ""confidence"": 0.78, ""reason"": ""disappointed by sweetness, but not rejecting""}",461,72,0.235,neutral,0.78,"disappointed by sweetness, but not rejecting",True,,neutral,neutral
"I am stunned that there are so many positive reviews for this product! The photo of this ""gift Basket"" literally shows all you receive: 3 very small (one layer) bags of dried fruit, pistachios & almonds--a layer LESS than 1/2-3/4 inch thick! The majority of the box below these 3 teeny bags is filled with paper filler! This gift is at best worth $5, and I am very upset that Amazon would carry such a misleading and ridiculously overpriced product! To top it off, the teeny bag of pistachios I received have suspicious black specks on top of the nuts through whole little bag. This product WILL be returned, and I believe is defective because of the appearance of the pistachios. My advice: DON'T buy this or other products by this company! You or the receipient of your gift will be disappointed--and think you are a cheapskate!","{""label"": ""negative"", ""confidence"": 0.96, ""reason"": ""Reviewer rejects product, warns others not to buy""}",618,46,0.199,negative,0.96,"Reviewer rejects product, warns others not to buy",True,,negative,negative
"This is a rather expensive dog food for those of us who have XXL dogs. It doesn't come in 20-40 pound bags, so buying 4.5 pounds for that will last maybe four days isn't cost effective. I decided to try this via the Amazon Vine program. First I will say my dog loved it. She snarfed it right down and then looked at me like ""Mom, MORE MORE MORE."" However, the dog food itself is heavy on soy, animal fat and corn products. Will I buy it again? Yes! However, that said, I do generally feed my dogs a high quality expensive kibble with some raw food thrown in. I will use Chef Michael's in a mixture of the high quality/expensive kibble and the raw. Due to the smaller sized bags and the high soy and corn content, I would not feed this as the only kibble. My dog, however, would love for this to be her only food!","{""label"": ""positive"", ""confidence"": 0.92, ""reason"": ""Overall satisfied, will repurchase despite minor concerns""}",623,62,0.246,positive,0.92,"Overall satisfied, will repurchase despite minor concerns",True,,neutral,positive
"I really like Bentley tea, it has a very subtle taste, not like Celestial Seasonings that is so strong. BUT, the little piece of paper that is used for dunking in the hot water sticks to the bag, which causes it to rip. I have had to throw away 3/4 of the box and all three boxes were the same. What a waste.","{""label"": ""neutral"", ""confidence"": 0.68, ""reason"": ""Likes taste but major flaw leads to waste, not full rejection""}",504,113,0.318,neutral,0.68,"Likes taste but major flaw leads to waste, not full rejection",True,,negative,neutral
My cat will only eat this if there is nothing else. However my dog likes it. The dog is always eating the cats left overs.,"{""label"": ""neutral"", ""confidence"": 0.65, ""reason"": ""Disappointed but not rejecting the product""}",455,90,0.263,neutral,0.65,Disappointed but not rejecting the product,True,,negative,neutral
"This is a nice concept because it is great for taking on-the-go, but I was not a huge fan of the banana taste. If you like bananas you will probably like this though","{""label"": ""positive"", ""confidence"": 0.78, ""reason"": ""Overall favorable, minor taste dislike not rejecting""}",465,106,0.297,positive,0.78,"Overall favorable, minor taste dislike not rejecting",True,,neutral,positive
"My grocery store stopped carrying my favorite flavored sparkling water so I decided to try TalkingRain Sparkling Essence. None of the flavors tasted natural,left a bad aftertaste & the carbonation was harsh in the mouth. I gave some bottles to a good friend who called me up to say that she was throwing the bottles away because the taste was so awful. Don't waste your money. This ranks as one of the worst sparkling waters I've ever tasted!.","{""label"": ""negative"", ""confidence"": 0.96, ""reason"": ""Reviewer rejects product, calls it awful, advises not to buy""}",514,66,0.257,negative,0.96,"Reviewer rejects product, calls it awful, advises not to buy",True,,negative,negative
"I'm a big fan of Annie's Shells and White Cheddar (the purple box), so I figured I'd try this to see if it was as good. It's ok, but the whole grain pasta is very whole-grainy. It doesn't quite cook the same, the texture difference is very noticeable and the sauce doesn't seem to blend with it as well.","{""label"": ""neutral"", ""confidence"": 0.78, ""reason"": ""Finds product okay but notes texture issues, no clear rejection""}",499,107,0.341,neutral,0.78,"Finds product okay but notes texture issues, no clear rejection",True,,neutral,neutral
Walmart has them for $5.99 a box...Thats $24 for 4 boxes... Why so expensive? These bars are a very airy crisp type consistency. They are very light and tasty. Great job Atkins on this bar.,"{""label"": ""positive"", ""confidence"": 0.85, ""reason"": ""Praises taste and quality, price complaint minor""}",476,89,0.376,positive,0.85,"Praises taste and quality, price complaint minor",True,,negative,positive
"I wasnt real thrilled with these, some were fine and some were stale. Then again I have bought them in the store the same way! They are more expensive in the store so buying in bulk meant I saved and dont have to hunt for them for a long time!!","{""label"": ""neutral"", ""confidence"": 0.65, ""reason"": ""Mixed feelings, not fully rejecting, mentions some positives""}",481,88,0.298,neutral,0.65,"Mixed feelings, not fully rejecting, mentions some positives",True,,negative,neutral
"I tried a box of 36 and found the coffee to be pretty good and well worth the price. However, I also experienced a problem with 4 of the K-Cups. They didn't explode but they did leak grounds into the cup. I will probably wait to see if they can really solve their quality problems before I even think of ordering again.","{""label"": ""neutral"", ""confidence"": 0.65, ""reason"": ""Mixed praise with quality concerns, hesitant to reorder""}",498,100,0.3,neutral,0.65,"Mixed praise with quality concerns, hesitant to reorder",True,,neutral,neutral
"Disappointing. I went to a lot of trouble to buy these, as I thought it would be impressive and novel for guests when drinking champagne at Christmas. No-one had any useful comments to make, some left half of the champagne and the flowers, although encouraged to eat them.It was a waste of money and champagne should not be interfered with, maybe better in lemonade!","{""label"": ""negative"", ""confidence"": 0.93, ""reason"": ""Explicit disappointment and waste of money""}",503,58,0.2,negative,0.93,Explicit disappointment and waste of money,True,,negative,negative
"The dressing is made with flax oil which is supposed to be beneficial. However, there are some people who would chant ""Fat is fat"" and scoff at the idea that one oil is better for you (me) than another. The dressing, itself, has a metallic taste I don't care for. I won't be buying it again.","{""label"": ""negative"", ""confidence"": 0.92, ""reason"": ""Explicitly says won't buy again, rejects product""}",495,55,0.289,negative,0.92,"Explicitly says won't buy again, rejects product",True,,negative,negative
This fake peanut butter was so totally disgusting that I could not even eat more than a smear on a spoon. This says a lot because I don't find many foods completely repusive. It makes me shudder just thinking about it.,"{""label"": ""negative"", ""confidence"": 0.95, ""reason"": ""Reviewer rejects product, calls it disgusting, would not eat""}",473,50,0.291,negative,0.95,"Reviewer rejects product, calls it disgusting, would not eat",True,,negative,negative
"Bought two six-packs about a year ago. Today we're down to five working bulbs. Three of them were unusable out of the package due to flickering/buzzing problems. The rest have died during normal use. Really like the light color and efficiency, but these bulbs definitely don't last long at all for the price. Pretty disappointing.","{""label"": ""negative"", ""confidence"": 0.78, ""reason"": ""Disappointed with durability, implies rejection despite some positives""}",496,123,1.082,negative,0.78,"Disappointed with durability, implies rejection despite some positives",True,,negative,negative
"I was really looking forward to this cacao powder and really wanted to like it, but it is REALLY not good. It tastes very mild and the only taste I can really get out of it is the bitter taste. It doesn't have the rich taste I am use to .. just bland and bitter.","{""label"": ""negative"", ""confidence"": 0.92, ""reason"": ""Rejects product, finds taste bland and bitter""}",486,74,0.241,negative,0.92,"Rejects product, finds taste bland and bitter",True,,negative,negative
the vita coco brand is by far my favorite brand of coconut water-- but i'll stick with the plain!!! this flavor tastes ok upon 1st sip-- but then it has the wierdest most icky aftertaste!!! it's pretty darn disgusting.,"{""label"": ""negative"", ""confidence"": 0.92, ""reason"": ""Calls taste disgusting and rejects flavor""}",476,56,0.229,negative,0.92,Calls taste disgusting and rejects flavor,True,,negative,negative
"Ask a Chinese friend about ""forbidden rice"" (&#31105;&#31859;), unless they are history buff like myself, they will give you a puzzled look. The term refers to an obscure trade policy during Manchurian dynasty, not an exotic rice. I will not going to bore you with history here. The story about emperor depriving commoners of red rice is a hoax made in America, like the legion of fortune cookies. Most fortune cookies are made in a wholesome factory near Atlanta. We trust that fortune cookies are safe to eat. ""Forbidden rice?"" There is a red rice in China, dark red, close to red bean. The color varies from gran to gran. Its thick bran provides a pleasant nutty flavor and al dente texture. The color does not come off easily. You can get them from Chinese grocery store. What is sold as ""forbidden rice"" at Amazon and Costco has a uniformed black to deep purple color. It appears to be rice over-milled, dyed, and polished. Drop a few grains in water, you can see color coming off. And the color tent to sink to the bottom. That is a easy tell tail. When cooked, the favor and texture of bran are absent. If they use red rice, they have milled away its bran to make the rice easy to dye. There is nothing wrong with using food coloring. But is the ink FDA approved? We do not know. The label does not say. I am returning mine to Costco. I will ask Costco to pull it off the shelf.","{""label"": ""negative"", ""confidence"": 0.92, ""reason"": ""Reviewer rejects product, returns it, warns others""}",747,61,0.218,negative,0.92,"Reviewer rejects product, returns it, warns others",True,,negative,negative
"I was first introduced to this GF flour at a local GF Expo in Oct 2011. A free 4-lb. bag! It was like winning a small GF lottery. I used almost all of it in my baked goods. It wasn't my favorite but it was still good. I'm glad I didn't buy more. See [...] I haven't contacted Domata about the claims of dangerous potassium sulfide used in their flour but, I intend to do some research before I buy anything from them. Please do some research before you buy and post your review here. Thanks!","{""label"": ""neutral"", ""confidence"": 0.65, ""reason"": ""Disappointed but not outright rejecting""}",541,92,0.284,neutral,0.65,Disappointed but not outright rejecting,True,,neutral,neutral
good pastrami is worth trying. however good pastrami should be lean also. this pastrami had great tast but you had to cut off massive amounts of fat. this is wonderfully tasting but there are much better pastrami's out there that are much leaner an as goo of tasting.,"{""label"": ""neutral"", ""confidence"": 0.78, ""reason"": ""Disappointed by fat, but still enjoys taste""}",489,126,0.339,neutral,0.78,"Disappointed by fat, but still enjoys taste",True,,neutral,neutral
"Having just now finished 3/4 of a cup of this vapid brew, and dumping the rest down the drain, I felt compelled to write a review that will hopefully be heeded by all. I usually make my ginger/peach tea by brewing a cup with one bag of ginger tea, and one bag of celestial peach tea, which brings out the very best of both. So I thought I'd save myself a little money and buy one bag that would, in theory, do the same thing. I was sadly mistaken. This being my very first experience with the Stash brand I honestly have to say that I will not be a return customer. There is virtually NO ginger flavor, and the peach is more noticeable before brewing than after. In all the reviews I have ever written over the years I would implore you to heed my advice on this one.","{""label"": ""negative"", ""confidence"": 0.95, ""reason"": ""Reviewer rejects product, won't buy again""}",601,56,0.251,negative,0.95,"Reviewer rejects product, won't buy again",True,,negative,negative
Found this hazelnut k-cup bitter. Very bitter. Couldn't even finish the box. Didn't even get half way through the box. Threw it out.,"{""label"": ""negative"", ""confidence"": 0.93, ""reason"": ""Reviewer rejects product, won't finish, throws it out""}",460,47,0.172,negative,0.93,"Reviewer rejects product, won't finish, throws it out",True,,negative,negative
"I dislike writing bad reviews, I'm one of those people that believes that if you don't have something nice to say, you shouldn't say anything at all. BUT, I am a tea reviewer and above all, it is important for me to tell it like it is, and sometimes that requires me to say something is bad when it is. And unfortunately, this Peach Matcha just doesn't hold up to the other Matcha teas that I've tried. I've tried quite a few of Red Leaf Tea's Matcha (as you can tell by looking at the number of reviews that I've posted), and there have only been two that I've not enjoyed - this one and the apricot. Prepared traditionally using hot water and whisking, this is has a strong chemical taste that is really off-putting. However ... and this Matcha's one redeeming quality which is why I gave it two stars instead of one ... if you make it as a latte, it ends up tasting much better. The chemical taste is nearly gone (there are still traces of this taste, but it is very faint) and I can taste the peach and the matcha. These flavors are also muted a bit because of the milk, but, it makes a nice, tasty matcha latte that tastes of matcha and peach. However, even though the latte was far better than the traditionally prepared Matcha ... I can't give it a higher rating because of that chemical taste. I do hope that Red Leaf Tea considers finding a better flavoring for the peach and the apricot. I had high hopes for them.","{""label"": ""negative"", ""confidence"": 0.97, ""reason"": ""Explicit 2‑star rating, rejects product due to chemical taste""}",742,65,0.422,negative,0.97,"Explicit 2‑star rating, rejects product due to chemical taste",True,,negative,negative
"I had no problems with their unusual cups working in the Kuerig. The coffee was good, nothing remarkable but enjoyable. I do plan to try some of the other San Francisco blends. It's certainly worth a try.","{""label"": ""positive"", ""confidence"": 0.92, ""reason"": ""Overall satisfied, praises coffee, plans to repurchase""}",471,68,0.252,positive,0.92,"Overall satisfied, praises coffee, plans to repurchase",True,,neutral,positive
"I love the Soda Stream unit, but the syrups need some tweaks. It is too sweet, so I use half the amount required; this is good if you want the product to last longer; this is bad because they use Splenda added to all their recipes, not just the diet. If they would just use plain old sugar, I'd be much happier with this product.","{""label"": ""neutral"", ""confidence"": 0.68, ""reason"": ""Loves unit but rejects syrup taste, not full rejection""}",503,101,0.302,neutral,0.68,"Loves unit but rejects syrup taste, not full rejection",True,,neutral,neutral
"I'm not sure most American coffee drinkers would go for this. I tried it several times at varying strengths, and even using half what I normally use, it tasted way too strong and burnt. It has very little complexity--whatever is there is drowned in the harsh burnt taste that reminds me of mud for some reason. I don't have an issue with regular coffee though I did once have trouble with acid reflux; I didn't notice much difference in acidity levels and the sheer overwhelming strength of the coffee gave me a stomachache that normal coffee doesn't. I understand that some foreign drinkers might like this and suspect that's the market the manufacturer is going for. I gave two stars because some people might actually really like that strong taste in their coffee. I don't think it's bad coffee, just really really strong. It makes me wonder what their normal roasts and blends might taste like.","{""label"": ""negative"", ""confidence"": 0.95, ""reason"": ""Explicitly gave two stars, rejects product""}",601,55,0.319,negative,0.95,"Explicitly gave two stars, rejects product",True,,negative,negative
"Someone was kind enough to buy me these chocolates from my giftlist. I've had Godiva chocolates delivered from Godiva's own site but thought it would be easier to list them on Amazon. BIG MISTAKE! When ordered from Godiva the chocolates were shipped fresh and cold with an ice pack to make sure they didn't melt. The chocolates from Amazon where shipped in a regular box, most of the chocolates where melted into a solid block. They were also dry and crusty. I would think that Godiva would have to same standards no matter how people order their products. I'm a very unsatisfied customer.","{""label"": ""negative"", ""confidence"": 0.92, ""reason"": ""Expresses strong dissatisfaction and rejects the product""}",549,62,0.345,negative,0.92,Expresses strong dissatisfaction and rejects the product,True,,negative,negative
"I did a search ""decaf k cups subscribe and save"" and this item popped up. Of course when I ordered it I was loathe to discover that they are pods. So disappointed, obviously. Granted I could have read the description more carefully. Just don't want anyone else to have the same problem. Of course this is also a non returnable item. Now I'm just stuck with them. My rating is not for this item but for Amazon's misleading search results.","{""label"": ""negative"", ""confidence"": 0.88, ""reason"": ""Reviewer rejects purchase, warns others, expresses disappointment""}",522,75,0.274,negative,0.88,"Reviewer rejects purchase, warns others, expresses disappointment",True,,negative,negative
"I was very disappointed in this product even though I like this company's truffle oil. The paste was of inconsistent texture. When the tube was squeezed, parts that were watery would shoot out often accompanied by only air afterward. More importantly the taste was pretty bland. I'm frankly not sure that it was just my imagination that thought I detected the aroma of truffle. Folks, stick with the truffle oils unless you can fork out the money for the real thing.","{""label"": ""negative"", ""confidence"": 0.92, ""reason"": ""Rejects product, advises not to buy""}",519,64,0.216,negative,0.92,"Rejects product, advises not to buy",True,,negative,negative
"This San FranciscoBay Coffee, Rainforest Blend, smelled so bad we cound not keep it in our kitchen even sealed in the plastic bags. I caould not drink it either. The grounds went right through the netting into the mug. The entire experience was just awful. I tried to give it away at work, but noone wanted it. Sorry, please try another brand. I have and was more fortunate.","{""label"": ""negative"", ""confidence"": 0.96, ""reason"": ""Reviewer rejects product, warns others not to buy""}",512,46,0.203,negative,0.96,"Reviewer rejects product, warns others not to buy",True,,negative,negative
So I've never had mulberries so curious and bought some cuz it's good for you. the berries are supersweet without much flavor so if you're like me that's what it taste like to me. I'm not into sweets so it's really not to my taste but my mother seem to like it okay. so the rating is based on her reaction to it. I'm hoping to use it to replace sugar in my baking because i can't eat it dried like that. =) I soaked it in water then cook it to reduce the water into a syrup. works pretty well i think you can replace simple syrup with theses.,"{""label"": ""neutral"", ""confidence"": 0.62, ""reason"": ""Mixed feelings, not fully satisfied but finds some use""}",546,116,0.353,neutral,0.62,"Mixed feelings, not fully satisfied but finds some use",True,,neutral,neutral
"It's amazing that this product is still on the market. It is so expensive and so disappointing. These colors taste horrible and change the consistency of everything that I put them in. It is nearly impossible to come up with the color you were aiming for, except yellow. The red usually comes out a rust-blood color and the blue is either purplish or grey, even if you put half the bottle in. Yes, we have ruined many homemade items thinking we could try these colors one more time (ruined birthday cupcakes, play dough, and Easter eggs). DO NOT BUY THIS FOR EASTER EGGS - It won't work! Please save your money and find an alternative. I should have believed the other reviewers!","{""label"": ""negative"", ""confidence"": 0.92, ""reason"": ""Strong rejection, warns others not to buy""}",571,39,0.194,negative,0.92,"Strong rejection, warns others not to buy",True,,negative,negative
"I ordered two bags of Haribo Gummi Bear and the package arrived on time. However, once I opened the box I realized the original bags were opened and the gummy bears were hardened. I was so upset about this order.","{""label"": ""negative"", ""confidence"": 0.92, ""reason"": ""Expresses upset over opened, hardened product""}",473,59,0.249,negative,0.92,"Expresses upset over opened, hardened product",True,,negative,negative
"As far as I know Ovaltine is a great product with all kinds of nutrients, but the price offered on Amazon is absurd. Locally, I don't spend more than four dollars per 12 oz. container and Amazon wants you to pay more than double that in a pack of four!!! Even the 3-pack 18 oz container is way overpriced. What's the deal?","{""label"": ""negative"", ""confidence"": 0.78, ""reason"": ""Criticizes overpriced Amazon price, implying rejection of purchase""}",503,109,0.802,negative,0.78,"Criticizes overpriced Amazon price, implying rejection of purchase",True,,negative,negative
"The tree arrived on time. It was a birthday gift, which made it reallly embarrassing when my friend told me half of it was withered and crushed looking..disappointing. Good news is she managed to nurse it back to life and it looks a bit more normal now..","{""label"": ""neutral"", ""confidence"": 0.65, ""reason"": ""Disappointed but not rejecting; product partially recovered""}",485,108,0.584,neutral,0.65,Disappointed but not rejecting; product partially recovered,True,,negative,neutral
"The chili is great, but either the chili cost less because of the poor can shape or amazon didn't take any kind of care with the cans.","{""label"": ""neutral"", ""confidence"": 0.6, ""reason"": ""Likes product but complains about packaging, not full rejection""}",456,117,0.322,neutral,0.6,"Likes product but complains about packaging, not full rejection",True,,neutral,neutral
Save 6 bucks and buy this at your local grocery store. Even with my Prime membership it was way more expensive than buying at a local store. Not a good value or product.,"{""label"": ""negative"", ""confidence"": 0.86, ""reason"": ""Rejects product due to poor value, advises buying elsewhere""}",464,89,0.292,negative,0.86,"Rejects product due to poor value, advises buying elsewhere",True,,negative,negative
These are ok but not what I was expecting. Almost like eating spiced air....they are very light and not too filling. Flavor isn't bad. I would rather have a bag of pop chips than these. Eating 28 grams of these(a serving) is tough since they are so light but 28 grams is 28 grams and that seems to be the standard for snack portions for one person now. Won't be buying them again.,"{""label"": ""negative"", ""confidence"": 0.92, ""reason"": ""Explicit rejection and won't repurchase""}",515,61,0.233,negative,0.92,Explicit rejection and won't repurchase,True,,neutral,negative
These cans wound up being about $1.83 a can. And they're not even a full can of soup. I should have read the size closer- but this is almost like scamming. Not right to do to customers!!!!,"{""label"": ""negative"", ""confidence"": 0.88, ""reason"": ""Expresses feeling scammed and rejects purchase""}",473,64,0.279,negative,0.88,Expresses feeling scammed and rejects purchase,True,,negative,negative
"This is NOT your European buckweat kasha that we love and used to cook it for years with an absolute consistency: wash, add water, and boil until it's absorbed. My wife experimented several times with this buckweat, but always ended up with not edible mess of variable consistency.","{""label"": ""negative"", ""confidence"": 0.92, ""reason"": ""Product described as inedible mess, reviewer rejects it""}",486,81,0.31,negative,0.92,"Product described as inedible mess, reviewer rejects it",True,,neutral,negative
"I ordered the product for adult cats but what I got was for seniors so maybe that has made a difference. I have two cats and neither of them like it very much. I bought an 18 pound bag and will continue to give it to them and hope they change their minds,because the ingredients make a nice healthy cat food.","{""label"": ""neutral"", ""confidence"": 0.65, ""reason"": ""Disappointed cats dislike it, but reviewer still plans to continue using it""}",494,149,0.414,neutral,0.65,"Disappointed cats dislike it, but reviewer still plans to continue using it",True,,neutral,neutral
"I purchased this thinking ""what a great deal!"" Now I know why it was, and it really is a bad deal! First off, several containers were defective. The top parts were not secured (they flipped up), so the screw off top wouldn't work properly. Second, really didn't like the taste. Thought I would as I love the Peach/Mango, but this is awful, doesn't taste @ all like tropical fruit! Perhaps, this was just a fluke (defective bottles, bad taste), & I realize all tastes are different, so some may like it. The defects were just insult to injury... Turned out to be a big waste!","{""label"": ""negative"", ""confidence"": 0.93, ""reason"": ""Reviewer rejects product, cites defects and bad taste, calls it waste""}",559,50,0.214,negative,0.93,"Reviewer rejects product, cites defects and bad taste, calls it waste",True,,negative,negative
"There are 3 flavors - both my cats loved one flavor (whitefish), one would eat all flavors (though not happy about the salmon), and one cat rejected 2 out of 3. The can size is perfect for picky cats - less waste.","{""label"": ""positive"", ""confidence"": 0.75, ""reason"": ""Mostly positive feedback, minor flavor rejection""}",479,90,0.267,positive,0.75,"Mostly positive feedback, minor flavor rejection",True,,neutral,positive
"Although a rubbery toy might be fine for a dog, I prefer to enjoy meaty items. This was poor and almost got thrown to the canines. Oh, well.","{""label"": ""negative"", ""confidence"": 0.92, ""reason"": ""Reviewer calls it poor and rejects using it""}",463,67,0.251,negative,0.92,Reviewer calls it poor and rejects using it,True,,negative,negative
I just made the mistake of not reading the fine print for this product. The price of $12.99 is for one container of Coffee Mate Sugar Free Chocolate Creamer.,"{""label"": ""negative"", ""confidence"": 0.78, ""reason"": ""Regrets purchase, warns about price, indicates rejection""}",462,90,0.393,negative,0.78,"Regrets purchase, warns about price, indicates rejection",True,,negative,negative
"Tried Paul Prudhome's Salt Free Magic Seasoning and it's a complete dud. Adds nothing remotely salt like to the flavor. Hard even to detect the chile pepper that is supposed to flavor it. It is as if it had been on the shelf for 10 years and the spices lost their zip, but the expiration date shows 2014 so it's fresh. Mrs. Dash is by no means great but it is far, far superior Do not waste your money.","{""label"": ""negative"", ""confidence"": 0.93, ""reason"": ""Reviewer rejects product, calls it a dud, advises not to buy""}",521,50,0.212,negative,0.93,"Reviewer rejects product, calls it a dud, advises not to buy",True,,negative,negative
"I was very disappointed with this order. The fortune cookies were mostly broken. Although they're individually wrapped, a large number were already opened and were loose in the box. As a result those cookies were unusable and stale. Even those cookies which were still wrapped did not have the right ""crunch"" to them. They just don't taste fresh.","{""label"": ""negative"", ""confidence"": 0.93, ""reason"": ""Reviewer rejects product due to broken, stale cookies""}",496,46,0.206,negative,0.93,"Reviewer rejects product due to broken, stale cookies",True,,negative,negative
there are not that many pieces in each package. I counted 8 small pieces. And they have way too much salt on them. Not worth the money,"{""label"": ""negative"", ""confidence"": 0.92, ""reason"": ""Rejects product, cites poor value and taste""}",459,66,0.208,negative,0.92,"Rejects product, cites poor value and taste",True,,negative,negative
This is not for a mild palet. It is intense and with a strong bitter over current. It has a long lasting after-taste.,"{""label"": ""negative"", ""confidence"": 0.85, ""reason"": ""Criticizes taste strongly, implies rejection""}",456,80,0.241,negative,0.85,"Criticizes taste strongly, implies rejection",True,,negative,negative
"I only drink green and white variety of tea (no fruit mixes), however this tea didn't have any taste and was slight improvement on having hot water.","{""label"": ""negative"", ""confidence"": 0.92, ""reason"": ""Calls tea tasteless, implies disappointment and rejection""}",457,75,0.227,negative,0.92,"Calls tea tasteless, implies disappointment and rejection",True,,neutral,negative
"Okay, I don't ever buy instant oatmeal like this, we buy bulk organic quick oats and add brown sugar. I have always found instant oatmeal in the little packs to not have good flavor despite all the additives and I always want to add more sugar to make it taste better. For the most part this oatmeal lived up to my expectations. I will admit that compared to other maple flavored brands I've tried this one was better, but still, I would not buy this again, and one of my daughters said she didn't like it and won't eat it again, glad I only got one box. We use genuine maple syrup in our household, and even keep maple sugar for sprinkling on toast, so we are big maple fans, and I guess with genuine maple fans artificial flavor just doesn't cut it. I even felt like it wasn't quite sweet enough even though it had more sugar in it than the Cinnamon and Spice flavor oatmeal. Because it has better flavor than other brands of maple flavored oatmeal I've tried, I gave it a 3 stars, saying it was OK is about right.","{""label"": ""neutral"", ""confidence"": 0.92, ""reason"": ""Reviewer gave 3 stars, says OK, won't repurchase""}",641,80,0.337,neutral,0.92,"Reviewer gave 3 stars, says OK, won't repurchase",True,,neutral,neutral
This soup is really awful. No matter how long you boil it the noodles remain chewy in consistency and the tomato base is off tasting. My whole family dislikes it. I am going to donate all the packages left to a food bank.,"{""label"": ""negative"", ""confidence"": 0.96, ""reason"": ""Reviewer rejects product, says awful and will donate remaining""}",474,50,0.178,negative,0.96,"Reviewer rejects product, says awful and will donate remaining",True,,negative,negative
I didn't like this tyvita as well as the seseme one. It isn't as flavorful and cracks into pieces too easily.,"{""label"": ""negative"", ""confidence"": 0.92, ""reason"": ""Expresses dislike and product flaws, indicating rejection""}",452,71,0.29,negative,0.92,"Expresses dislike and product flaws, indicating rejection",True,,neutral,negative
Let me first start off by saying I purchased this to try something different to fry with and it was different. That being said the flavor was pretty bad and the smell was even worse. It was my own bad thinking I was getting more than I did for the value but that being said I still feel the dollar per oz is very high. In short this entire purchase left a bad taste in my mouth.,"{""label"": ""negative"", ""confidence"": 0.86, ""reason"": ""Strong complaints about taste, smell, and value indicate rejection""}",508,81,0.281,negative,0.86,"Strong complaints about taste, smell, and value indicate rejection",True,,negative,negative
"It is my fault, I should have checked closer but shipping was more than the product. The salt itself is great but I would never have ordered had I caught the shipping costs.","{""label"": ""negative"", ""confidence"": 0.86, ""reason"": ""Rejects purchase due to high shipping despite liking product""}",463,91,0.26,negative,0.86,Rejects purchase due to high shipping despite liking product,True,,neutral,negative
"I had to be taken to the ER in an ambulance earlier, the day before yesterday. I was having seizures, near-syncope (passing out, but still being somewhat conscious), couldn't breathe, and my blood pressure was at stroke level. I felt like and thought I was dying (or maybe already) dead for about 3 hours. It was painful and horrifying. I think I figured out what it was that caused my near-death experience. It was probably the energy-shot I took 20 minutes before then. I don't usually take something like that. Someone offered it to me, and I was so tired, I didn't even look at the bottle and took it. Please, don't use these!","{""label"": ""negative"", ""confidence"": 0.92, ""reason"": ""Reviewer warns others, severe adverse reaction, would avoid product""}",569,68,0.22,negative,0.92,"Reviewer warns others, severe adverse reaction, would avoid product",True,,negative,negative
"I love the regular vanilla mini cookies, but these sugar-free are awful. Taste bad. Gummy. What a shame.","{""label"": ""negative"", ""confidence"": 0.92, ""reason"": ""Strong rejection, calls product awful and a shame""}",452,71,0.281,negative,0.92,"Strong rejection, calls product awful and a shame",True,,negative,negative
My senior cat won't touch the stuff. Maybe it's too fancy or looks funny but she wouldn't eat for 3 days until I changed it out for her old kibble brand. You can bring a cat to kibble but you can't make her eat ...,"{""label"": ""negative"", ""confidence"": 0.86, ""reason"": ""Cat refused food, reviewer dissatisfied""}",477,68,0.351,negative,0.86,"Cat refused food, reviewer dissatisfied",True,,negative,negative
"I ordered these to serve at a Thanksgiving get together but I had to throw them away. They were absolutely disgusting. Everything underneath the outside plastic was covered in a sticky mess. Every single candy in the box was sticky, as well as the trays and the entire inside of the box. It was as if all of the contents of the candy leaked all over the place. As I said, I had to throw them away and it was a complete waste of money.","{""label"": ""negative"", ""confidence"": 0.96, ""reason"": ""Reviewer rejects product, throws away, calls waste of money""}",520,48,0.179,negative,0.96,"Reviewer rejects product, throws away, calls waste of money",True,,negative,negative
"So I have been hanging with a top player at the world series of poker and I purchased 2 packages of Jacks Links beef jerky. These 2 purchases were the worst possible way to spend my money. The meat was so dry I was not sure if I was eating dried rat tail or beef jerkey. The ""meat"" caused sickness and lock jaw. Jacks links is as good as scraps off leather shoes. It was pretty incredible of them to sponser the WSOP but provide poor quality food at a ridiculous price.","{""label"": ""negative"", ""confidence"": 0.96, ""reason"": ""Reviewer rejects product, calls it worst purchase, warns others""}",537,48,0.221,negative,0.96,"Reviewer rejects product, calls it worst purchase, warns others",True,,negative,negative
"The taste is great, but the fat content on this suggests that it might as well have been 90% mayonaisse. Use it spartingly!","{""label"": ""positive"", ""confidence"": 0.85, ""reason"": ""Praises taste, minor drawback about fat, still recommends use""}",458,87,0.291,positive,0.85,"Praises taste, minor drawback about fat, still recommends use",True,,neutral,positive
"Pros: Tastes pretty good Slightly lower sugar than soda Vitamin C Carbonation adds a little pizzazz Cons: Leans toward being too sweet (at least for me) Not significantly healthier 3/4 size can compared to regular 12 oz drink Bottom line: It's an okay but not great blending of the soda and juice worlds. Personally I would say stick with the real thing for more satisfaction. IE, if you're in the mood for a juice beverage, grab juice. Soda same thing.","{""label"": ""neutral"", ""confidence"": 0.78, ""reason"": ""Overall verdict is okay but not great, no strong recommendation""}",527,104,0.357,neutral,0.78,"Overall verdict is okay but not great, no strong recommendation",True,,neutral,neutral
I ordered this along with other Beef Jerky for my neice for Chirstmas. She loves the stuff. Well when she opened this package it was moldy. It's to much of a hassel to return it so I had her to just trash it. I'll buy food stuffs from a store and not online next time.,"{""label"": ""negative"", ""confidence"": 0.93, ""reason"": ""Reviewer rejects product due to mold, won't buy again""}",493,47,0.204,negative,0.93,"Reviewer rejects product due to mold, won't buy again",True,,negative,negative
"I bought some of these from a vending machine at my work today. I want my quarter back. I tasted a red one. It tasted like how horse manure smells. I have no clue why they'd call these Lotsa Sours when they aren't sour in any way shape or form. I thought maybe one of the other flavors would be better. I was wrong. The green one had a slight hint of possibly a different fruit flavor, but it was still overshadowed by that same much stronger flavor remeniscent of roadapples. I handed the rest over to my boyfriend who eats anything including old leftovers rescued out of the garbage. Even he thinks they taste terrible. $45 spent on buying these in bulk is $45 spent on something you'll probably be spending the rest of your life trying to get rid of. Just taste them before you buy them, and you will know precisely what I mean.","{""label"": ""negative"", ""confidence"": 0.93, ""reason"": ""Reviewer rejects product, wants refund, calls taste terrible""}",607,47,0.229,negative,0.93,"Reviewer rejects product, wants refund, calls taste terrible",True,,negative,negative
Buyer beware. Read COMPLETELY when and what you are getting and how much it is. Very confusing and Amazon does not help when the hassle arrives. The Flying Noodle can't be trusted either for their 100% satisfaction guarantee. Don't expect much when the cheese does not arrive. Even if they send you a notice it has shipped they find a reason to look good to Amazon in their correspondence. Can't tell you how the cheese tastes because it never came!,"{""label"": ""negative"", ""confidence"": 0.93, ""reason"": ""Reviewer rejects product, warns others, never received cheese""}",519,47,0.204,negative,0.93,"Reviewer rejects product, warns others, never received cheese",True,,negative,negative
"My daughter has been gluten free for 5 years and finding a good cake mix was very hard to find until now. I use this cake mix all the time as a base to make banana bread, carrot cake, muffins, birthday cake, cookies etc..","{""label"": ""positive"", ""confidence"": 0.93, ""reason"": ""Enthusiastic, uses often, solves problem""}",478,55,0.215,positive,0.93,"Enthusiastic, uses often, solves problem",True,,neutral,positive
"Like the previous reviewer, I also received a wet box, with most of the bottles leaking from the spout. The ones that weren't leaking will start to soon, as the spouts are also starting to rip. Opened a safe-looking bottle, and couldn't stand the taste. I drank regular ONE coconut water throughout my pregnancy, and kept hearing good things about vita coco... luckily they didn't try this flavor...","{""label"": ""negative"", ""confidence"": 0.92, ""reason"": ""Rejects product due to leaks and bad taste""}",509,49,0.212,negative,0.92,Rejects product due to leaks and bad taste,True,,negative,negative
"I lived in the UK for many years (over 30) And used to like PG Tips but I recently tried it as I found some cheap at Biglots! All I can say is that the readily available Tetley ""British Blend"" tasted much better with a stronger taste with a bit of a kick to it - yummy! The PG tasted somewhat bland in comparison, I'll be sticking to Tetley. I can't remember what I liked back in England...","{""label"": ""negative"", ""confidence"": 0.78, ""reason"": ""Reviewer finds product bland and will not purchase again""}",518,83,0.519,negative,0.78,Reviewer finds product bland and will not purchase again,True,,neutral,negative
"For those who truly love Earl Grey tea, pass this one by. For those who have never tried loose leaf Earl Grey, please don't let this be your first. While many have complained about the ""chopped"" state of this tea as opposed to true loose leaf, that is hardly the biggest problem with it. It was the acrid aftertaste that caused me to write this one off as a lesson learned. The bitterness absolutely overwhelmed the pleasant bergamot experience that Earl Grey drinkers so anticipate. While I agree that the double-lid canister is an excellent design I think it will serve me much better by holding another brand of tea.","{""label"": ""negative"", ""confidence"": 0.93, ""reason"": ""Reviewer rejects the tea, cites strong dislike and advises others not to buy""}",556,89,0.294,negative,0.93,"Reviewer rejects the tea, cites strong dislike and advises others not to buy",True,,negative,negative
"Ok, I'll admit, I do bake a lot, so maybe my expectations were too high....My first impression was that it was a nice big cookie, but it didn't smell like an oatmeal cookie. Next I broke off a bit, thinking, ok, soft, usually means butter or shortening, so I didn't expect the cookie to crumble...ok, I was disappointed right there, but the real disappointment came at the first bite. I don't know, but this did not taste like any oatmeal cookie I've ever tasted....no cinnamon or brown sugar flavor, just....well, kind of sawdusty. I couldn't make out the almond and barely tasted the chocolate. I think on every level this cookie was not a winner. If I was absolutely desperate to eat something I would probably eat one I suppose, but I definitely would not buy these. Overall, no taste, terrible texture and a disappointment from start to finish. Quaker would do well to go back to the drawing board on this one and make a chewier, soft cookie with a bit of flavor to it.","{""label"": ""negative"", ""confidence"": 0.93, ""reason"": ""Reviewer rejects product, wouldn't buy again""}",641,57,0.232,negative,0.93,"Reviewer rejects product, wouldn't buy again",True,,negative,negative
"The Caribou Blend k cups have fulfilled our household's need for a plain old cup of coffee in the morning that isn't anything fancy, but still gets the job done. We were searching for a blend that was smooth and flavorful while still being easy to drink and mild. I particularly like medium roasts and I don't care for a coffee with a lot of acidity and a bitter aftertaste, so this one fits the bill. The only downside to this k cup is that the aroma. It wasn't the most appetizing after the first cup was brewed, but it made up for that in taste. This isn't a point that really bothers me, but I could see it being a downside for some people. When I brew this blend on my way out the door, I often throw in some french vanilla creamer and it's my perfect morning caffeine kick. So far this is the best average blend we've tried. We're open to others but until we find something better, we're sticking with the Caribou Blend.","{""label"": ""positive"", ""confidence"": 0.92, ""reason"": ""Overall satisfied, minor aroma note not a rejection""}",628,66,0.307,positive,0.92,"Overall satisfied, minor aroma note not a rejection",True,,neutral,positive
"It sucked, cause I never got it, until this day I never heard from the sender, the good think was that I got my money back.","{""label"":""negative"",""confidence"":0.92,""reason"":""Rejects product, never received it, only positive is refund""}",457,96,0.275,negative,0.92,"Rejects product, never received it, only positive is refund",True,,negative,negative
"Ok, here's the deal...I'm a casual trail mix guy, I'm not an expert by any means. There are a MASSIVE AMOUNT of seeds in this. I don't mind sunflower seeds in moderation, but this is almost half seeds. There are maybe 15 chocolate pieces compared to about a thousand (overstatement) raisins. The nut ratio would be fine if it wasn't so interspersed with raisins and seeds.","{""label"": ""neutral"", ""confidence"": 0.65, ""reason"": ""Disappointed by composition, but not rejecting product""}",511,76,0.246,neutral,0.65,"Disappointed by composition, but not rejecting product",True,,neutral,neutral
"When I got my hands on these Emerald Cocoa Roast Almonds, I thought that the concept was actually pretty good. I had my doubts, though. When I opened the container, there was a very, very light chocolate smell that was overwhelmed by the natural smell of the almonds. After trying a few of the almonds, I tasted only a slight hint of chocolate (especially in the aftertaste). I tasted no salt whatsoever. The almonds themselves had a rather bland taste to them. Perhaps it was the mixing of the two flavors that negated both of them. Mind you, there was nothing terrible about the taste. It was just bland. The crunch factor was about the only redeeming quality of these almonds. Dry roasting provided a very nice loud crunch. The dark chocolate ""dust"" wasn't messy, but a tiny tad of it did get on my fingers. It was easily washed off, however, and this really isn't a major concern for me. What has me fence-sitting, though, is the fact that when my wife came home later in the evening, she tried the almonds and fell in love with them. I was fully prepared to give a two-star rating to these almonds until she gave them such glowing approval. In the end, I guess that it all boils down to personal taste. If you like very light and (at least to me) very bland chocolate and nutty tastes mixed together, get yourself some of these Emerald Cocoa Roast Almonds. However, if you're taste buds lean heavier towards the chocolate end of the spectrum, stick with Goobers.","{""label"": ""neutral"", ""confidence"": 0.65, ""reason"": ""mixed feelings, not outright rejection""}",742,78,0.278,neutral,0.65,"mixed feelings, not outright rejection",True,,neutral,neutral
"My toddler (24 months old, very verbal, usually will eat anything) took a couple of bites looked at me with a surprised and smirkish look of confusion and said, ""Soupy..."" then gave me a skeptical look and tried a few more bites. Then she giggled and said, ""Mama - that yucky"" and proceeded to wipe her napkin on her tongue. I love most of the Happy Baby and Happy Tot products, but I guess this was a no go. If you are wondering, the meal is actually very soupy and has all of the ingredients chopped up quite small and is mixed up like a stew. You cook it 30 seconds in the microwave and then eat. It couldn't be self fed with fingers. Hope that review helps!","{""label"": ""negative"", ""confidence"": 0.86, ""reason"": ""Reviewer says product was a 'no go' and child found it yucky""}",582,101,0.29,negative,0.86,Reviewer says product was a 'no go' and child found it yucky,True,,negative,negative
"I just tried Patak's Madras Curry Paste, and am surprised (but not too surprised) that another reviewer also found Patak's Tikka Masala paste too sour. I have found two other reviewers that also found Patak's Madras Curry Paste too sour, so perhaps that's a Patak quirk. Even my husband, who normally likes sour tastes and likes to squeeze lemon juice into nearly everything he eats, finds the results too sour.","{""label"": ""neutral"", ""confidence"": 0.65, ""reason"": ""Notes sourness as drawback but no clear rejection""}",518,116,0.394,neutral,0.65,Notes sourness as drawback but no clear rejection,True,,negative,neutral
"I received this lovely presentation which was full of stuff. However, the edible goodies were horrible and the other stuff was really below even average. The basket itself was nice. Not worth the money. Send your mom a gift card instead.","{""label"": ""negative"", ""confidence"": 0.92, ""reason"": ""Strong rejection, calls product horrible and not worth money""}",474,73,0.779,negative,0.92,"Strong rejection, calls product horrible and not worth money",True,,negative,negative
"When I saw these available through the Vine program I was compelled to order them simply because I hadn't had a Mallomar in probably thirty to forty years. Well, my taste buds have clearly changed. I watch what I eat now and try to eat simple and healthy. These are basically junk food. After eating two of them I immediately knew the remainder of the small package would go to one of my grand nieces or nephews. Marshmallows, milk chocolate and some of the unhealthiest oils and saturated fats are the primary ingredients of these cookies. Nobody that cares about eating healthy will buy these. Then again, to their credit, Nabisco is not marketing them as a ""health"" food. There are a lot of alleged ""health bars"" on the market that are just as bad for you as these. But even as traditional cookies go, if I'm going to eat junk food cookies (Oreos, Famous Amos, etc.) there are many others I would choose before Mallomars. But, to each is own. There's little doubt there are a lot of people who love these things. They've been around for years, actually decades, and there's still a lot of people who pay little attention to what foods they put in their bodies. If I turned the clock back thirty years to when I was raising a family with young children, knowing what I know now about the importance of good health, I would never give these to my kids.","{""label"": ""negative"", ""confidence"": 0.92, ""reason"": ""Rejects product, advises others not to buy""}",715,71,0.326,negative,0.92,"Rejects product, advises others not to buy",True,,negative,negative
"I wasn't really expecting magnificence, just something different. But I hate to say that these cookies don't taste much different than the generic butter cookies you've been getting at your local grocery store for decades ... with a hint of cinnamon. I could convince myself, even, that they taste like those generic packaged oatmeal cookies ... minus the frosting. I didn't really detect the flavor of fig and honey. I suppose that if you like those other cookies and would prefer the same thing made a bit more healthily, this is the cookie for you.","{""label"": ""neutral"", ""confidence"": 0.78, ""reason"": ""Disappointed but not rejecting; suggests it may suit some users""}",533,134,0.39,neutral,0.78,Disappointed but not rejecting; suggests it may suit some users,True,,neutral,neutral
"Don't let that ""granola"" word baffle your bushy head Nate, this isn't your grandpa's granola hatched back in the 60's--chock full of healthful nutrition. Don't we all just hold our breath and wonder how ingenious the cereal companies are when they put out yet another chocolate covered cereal bar? Gosh, how original! Blush, blush is my sarcasm showing? Be careful too when you check out the price of these little (and I do mean tiny)barettes. At $3.77 each you may find this product gets stuck in your throat. Choke! Choke! Sorry big K, there are several vastly superior products on the market at considerably better price points.","{""label"": ""negative"", ""confidence"": 0.86, ""reason"": ""Sarcastic critique, calls product overpriced and inferior""}",574,92,0.341,negative,0.86,"Sarcastic critique, calls product overpriced and inferior",True,,negative,negative
"I buy this vodka sauce when my store is out of the much more flavorful Bertolli Vodka Sauce. Wolfgang Puck's version of creamy vodka sauce is a more bland-tasting sauce that doesn't add much kick to pasta dishes. I find myself having to add my own touch (seasoning) to it. In a bind, this vodka sauce will do; I'm just a little curious as to why this sauce doesn't have any punch. It more or less tastes like spaghetti sauce. Is it really a creamy spaghetti sauce? Not to mention the price is higher than a lot of sauces out there. Avoid this sauce if you can.","{""label"": ""negative"", ""confidence"": 0.92, ""reason"": ""Explicitly advises to avoid; rejects product due to blandness and price""}",553,68,0.27,negative,0.92,Explicitly advises to avoid; rejects product due to blandness and price,True,,neutral,negative
"This lemon curd was a tiny bit ""stiff,"" much like honey that has turned to sugar. However, the taste is good, and the price is below most similar products.","{""label"": ""positive"", ""confidence"": 0.85, ""reason"": ""Minor texture flaw but good taste and price, overall satisfied""}",464,89,0.29,positive,0.85,"Minor texture flaw but good taste and price, overall satisfied",True,,neutral,positive
"I was really hoping to use this as a substitute for brewed iced tea, but for me it isn't. The taste is only fair and the powder doesn't completely dissolve. I had been thinking I would add it to bottled water when away from home but I have decided to order some Ito En Green Tea, a bottled brewed green tea, from amazon for this purpose.","{""label"": ""negative"", ""confidence"": 0.78, ""reason"": ""Rejects product, seeks alternative""}",499,79,0.272,negative,0.78,"Rejects product, seeks alternative",True,,neutral,negative
"And by that, I mean, it's okay if you need a paper weight. Or a door stop. Or some other solid, inert mass. Because as a food, Haribo gummie bears are somewhere between Friskie's Turkey & Giblets and gravel. Haribo brand gummie bears lack flavor, gum, or bear. They're even shaped like tiny fragments of Mount Rushmore -- doubly impressive for a German candy that never even witnessed South Dakota. If you need a solid gummie, go for Target's Market Pantry brand or whatever Area 51 concoction going on at Saratoga Sweets in Clifton Park, NY. I mean, man, the banana flavor of those bears kicks your teeth right down into your sweet spot. Double flippin' awesome. In closing, real Germans prefer other bears and/or hunt meisters.","{""label"": ""negative"", ""confidence"": 0.92, ""reason"": ""Strongly rejects product, calls it flavorless and compares to gravel""}",598,75,0.318,negative,0.92,"Strongly rejects product, calls it flavorless and compares to gravel",True,,negative,negative
"I loved these chews until today... and so did my 40 lb akita puppy. These are great for keeping your dogs teeth clean and my dog loves them! She runs to her cushion and sits down as soon as I grab the bag from the shelf. However, the major problem with them is that my dog attempts to swallow them as soon as she can and has almost choked on one twice now. The first time I easily pulled it out of her throat but today it almost killed her. I should have known better because I'd been told as much by many people at my vets (one dog even choked to death) but the reviews online were so good I didn't listen. I always watch my dog with chews but even under supervision she will try and swallow them ASAP. These are great for your dogs teeth but please watch your dog! Also, the sizes are very inconsistent... in the four bags I've ordered to date I've had to throw a large number out (basically one full bags worth) because they are too small to even attempt to give to my dog.","{""label"": ""negative"", ""confidence"": 0.85, ""reason"": ""Highlights safety choking risk and size issues, rejecting the product""}",644,89,0.497,negative,0.85,"Highlights safety choking risk and size issues, rejecting the product",True,,negative,negative
"Coffee is ok but don't know whether I will reorder or not. Rather weak but if your machine has the water level setting, I would suggest that you use one of the smaller cups.","{""label"": ""neutral"", ""confidence"": 0.78, ""reason"": ""Mixed praise, uncertain about repurchase, typical of 3‑star sentiment""}",464,71,0.354,neutral,0.78,"Mixed praise, uncertain about repurchase, typical of 3‑star sentiment",True,,neutral,neutral
"I bought this brand of French Vanilla creamer because it was cheaper than my usual brand (Coffee Mate French Vanilla Single Serve Creamers) but, I don't think I'll buy these again unless there's a significant difference in price. In comparison to the Coffee Mate (in my opinion) the French Vanilla flavor feels more artificial and has a very slight aftertaste....nothing too bothersome though. Overall, it is still a good creamer, I just prefer the Coffee Mate version. However, for the hazelnut flavor, I do prefer the International Delight version over all everything else. As for the packaging, like the other reviewers, there seemed to have been a leak in one of the cups and so a few of them were sticky and had a crust-like thing on them. But for me, it wasn't a big mess (it really did seem like just ONE cup leaked) and so it wasn't a big deal for me.","{""label"": ""neutral"", ""confidence"": 0.68, ""reason"": ""Disappointed, prefers other brand, but not outright rejecting""}",611,87,0.397,neutral,0.68,"Disappointed, prefers other brand, but not outright rejecting",True,,neutral,neutral
My dogs love them.. They are pricey for a treat tho! I did not notice any change on their teeth -plaque stayed the same.. even tho I gave it to my dog 2 times a day for few months. Still needed to go to the vet for deep teeth cleaning.,"{""label"": ""negative"", ""confidence"": 0.65, ""reason"": ""Disappointed with effectiveness and price, likely would not repurchase""}",485,119,0.397,negative,0.65,"Disappointed with effectiveness and price, likely would not repurchase",True,,neutral,negative
"Out of the seven seed packets, only four sprouted. I wrote the seller but have not heard back. My friend who has an Aerogarden said she's never had that many NOT sprout. I'm disappointed, because the seed kit is not cheap.","{""label"": ""negative"", ""confidence"": 0.78, ""reason"": ""Disappointed, product failed, likely would not repurchase""}",478,81,0.27,negative,0.78,"Disappointed, product failed, likely would not repurchase",True,,negative,negative
This product was purchased from a vendor who may have had this for a long time because the treats were stale and I will not purchase any more from this vendor. No good recommendation on this one.,"{""label"": ""negative"", ""confidence"": 0.92, ""reason"": ""Rejects product, won't buy again""}",466,64,0.212,negative,0.92,"Rejects product, won't buy again",True,,negative,negative
"This product caused me to waste about fifty dollars in fruit. I wanted to make sugarless fruit jelly which you are supposed to be able to do. The raspberries alone were $ 25,00 and i wound up with nearly a quart of raspberry sauce. The sugarless instructions are vague and hard to find; in sec 1 it says ""spoon sugar into..."" Sec 2 says, ""measure exact amount of sugar"". These instructions are followed by 40 inches of charted insructions, all which mention sugar. Deciphering the sugarless recipe is harder than high=level soduku. The product is poorly packaged: every pectin envelope was cracked on arrival and pectin dust covered everything.","{""label"": ""negative"", ""confidence"": 0.95, ""reason"": ""Rejects product due to waste, poor instructions, broken packaging""}",571,60,0.264,negative,0.95,"Rejects product due to waste, poor instructions, broken packaging",True,,negative,negative
"Trust the bad reviews - they are right. I got these pretzels because my favorite brand is no longer carried by Cost Plus, but remembered these from Trader Joe's....now I know why I did not keep buying them. These have an off taste and are stale, really awful. Don't waste your money.","{""label"": ""negative"", ""confidence"": 0.93, ""reason"": ""Reviewer rejects product, calls it awful and advises not to buy""}",490,49,0.233,negative,0.93,"Reviewer rejects product, calls it awful and advises not to buy",True,,negative,negative
"I am gluten free and was craving soft black licorice that tasted like Twizzlers black licorice but was gluten free. Candy Tree Organic Licorice does NOT taste like Twizzlers black licorice, and it is much harder to chew. This black licorice has a strong molasses flavor that I am just not into, but I guess if you like your black licorice to be rather hard and taste strongly of molasses, then this may be the licorice for you.","{""label"": ""negative"", ""confidence"": 0.86, ""reason"": ""Rejects taste and texture, suggests only for niche preference""}",531,100,0.441,negative,0.86,"Rejects taste and texture, suggests only for niche preference",True,,negative,negative
i have not gotten my order or heard anything from the seller even after sending out 2 emails,"{""label"": ""negative"", ""confidence"": 0.92, ""reason"": ""Rejects seller due to no delivery""}",447,74,0.344,negative,0.92,Rejects seller due to no delivery,True,,negative,negative
"I was hesitant to order this because of the recurring complaint of damaged cans, but then noticed that those reviews seem less recent, and it looks like the shipping issue was resolved (I selected the ""Amazon Frustration-Free"" packaging). The cans arrived in perfect condition, before their use-by date, etc. However, the texture of the pumpkin seems a bit off. We add the pumpkin to our dogs' food. Before buying this product, we typically used the large can of Libby's brand. The texture of this product is much firmer than the canned Libby's we were using, and it even looked like there was some congealed fat in the ""Farmer's Market"" can, which seems odd for pumpkin. Another difference is that it doesn't seem to be firming up our dogs' poop like the Libby's pumpkin did (sorry if TMI!). We will probably stick with Libby's once we finish the cans from this order.","{""label"": ""negative"", ""confidence"": 0.78, ""reason"": ""Disappointed with texture and plans to switch brands""}",617,85,0.288,negative,0.78,Disappointed with texture and plans to switch brands,True,,neutral,negative
"The product is just about the same as in the grocery and pet stores, but at a better price point. They arrived on time and were as described, if not a little hard and stale. The dog likes them.","{""label"": ""positive"", ""confidence"": 0.88, ""reason"": ""Minor flaw noted but overall satisfied and recommends""}",471,88,0.26,positive,0.88,Minor flaw noted but overall satisfied and recommends,True,,neutral,positive
"I recieved this product from lou's bonsai and it was such a disapointment. First off when opening the box the pot was in pieces. I can understand that this happens, but the plant was in horrible condition. It looked like nothing in the picture. I understand that this was not the same tree but it was apparent that the grower just lopped off the top of the tree and grew it like a plant. It looks horrible. My roommate was against me displaying it in our living room because of the crappy look it has. I was so disapointed I am an avid collector of bonsai trees and it will take years for this bush to look like a tree again. I contacted lou who told me he was going to reship but that never happened. DO NOT BUY FROM LOU'S BONSAI. They totally ruined everything about this transaction","{""label"": ""negative"", ""confidence"": 0.96, ""reason"": ""Reviewer rejects product, warns others, will not buy again""}",602,45,0.177,negative,0.96,"Reviewer rejects product, warns others, will not buy again",True,,negative,negative
"I fed this to my kittens by recommendation of my vet. They gave me several coupons that made it quite inexpensive. It's packed with a lot of vitamins. My childhood pets were always fed it, and they lived to 14 years or so, and so I thought it would be good for my kittens. Their fur was glossy and they appeared healthy, but they were always hungry after eating their assigned portion. I switched to an organic human-grade kibble and the kittens were contented after their portions. This told me that the food must have been filling the cats up, but not substantially enough to keep them full. Just as a human could fill up on rice and chicken nuggets and vitamins (the human equivalents of some of the ingredients) and be healthy, but not really feel contented in their bellies. This is less expensive than the organic food I buy them now, but they want to eat more so I don't know what the end cost really is. I like the idea of all of the vitamins in there, just as I would take a multi-vitamin, but I just wish that their bellies could keep full after eating. I probably won't go back to this kibble. I wish I could rate it higher for the vitamins, but these corn meal and by-product ingredient listings really explain my kittens lack of feeling full. PROS: * Lots of vitamins * Left fur glossy CONS: * Always begging for more food * Corn meal and chicken by-products near the top of ingredient list (poor quality, not human grade)","{""label"": ""negative"", ""confidence"": 0.78, ""reason"": ""Reviewer says they won't use it again, dissatisfied with satiety""}",734,103,0.316,negative,0.78,"Reviewer says they won't use it again, dissatisfied with satiety",True,,negative,negative
"Good company, but the product is not necessary. Just put whole oats into a normal blender/osterizer and run on high speed until it is powderized. Thiis product costs quite a lot more than regular oatmeal. When baking with this item, the cookies are esxtremely dry and mealy. Nothing personal, guys, just the facts.","{""label"": ""negative"", ""confidence"": 0.86, ""reason"": ""Calls product unnecessary, overpriced, and yields poor results""}",497,88,0.324,negative,0.86,"Calls product unnecessary, overpriced, and yields poor results",True,,negative,negative
"I've bought this soup from amazon.com in the past and the shipment was in perfect condition upon arrival. This last time (ordered May 15, 2010), some of the cans were dented. The shipping carton was in very good condition and there were no dents in the box at all -- just in several of the cans. Not sure whether the manufacturer, amazon.com or the shipper is the cause of the dents. I just ordered another case and I'm hoping all the cans will be totally dent-free like the first shipment I received.","{""label"": ""neutral"", ""confidence"": 0.68, ""reason"": ""dissatisfied with shipping damage but not rejecting product""}",536,78,0.245,neutral,0.68,dissatisfied with shipping damage but not rejecting product,True,,neutral,neutral
"I am a big fan of most of the freeze dried fruit and veggies, they are crunchy and flavorful and have NOTHING added. The tomato fragments are extremely dry and tough, more like old sun dried, and for me they are only good when used in cooked dishes. I do appreciate that these are organic!","{""label"": ""neutral"", ""confidence"": 0.66, ""reason"": ""disappointed with texture but still appreciates product""}",488,105,0.33,neutral,0.66,disappointed with texture but still appreciates product,True,,neutral,neutral
"The new recipe has more Dextrose than Salt -- who on earth would want a *sweet* fishy caviar? It makes no sense to anyone who loves the taste of light, salty caviar. Very disappointing, and I hope Romanoff gets rid of the person who had the brainwave to change caviar into candy-ar. Arrrrh!","{""label"": ""negative"", ""confidence"": 0.92, ""reason"": ""Strong disappointment and rejection of product""}",499,68,1.18,negative,0.92,Strong disappointment and rejection of product,True,,negative,negative
This was the first time I ordered this brand. All six cans were rancid. I returned them right away and canceled my subscription. You would think baby food products have a better quality control but I guess some companies do not care.,"{""label"": ""negative"", ""confidence"": 0.93, ""reason"": ""Rejects product, returns, cancels subscription""}",474,46,0.18,negative,0.93,"Rejects product, returns, cancels subscription",True,,negative,negative
"I like the other varieties from St Dalfour, but this one sucks. It's bad tasting and dry and just... so plain and flavorless, even with the packet. The other varieties are so much better.","{""label"":""negative"",""confidence"":0.92,""reason"":""Reviewer rejects product, calls it bad and prefers others""}",470,62,0.291,negative,0.92,"Reviewer rejects product, calls it bad and prefers others",True,,negative,negative
"I have eaten someting like seven other brands of steel cut oats since my cardiologist suggested them and never experienced a problem. The first bowl of these tasted very, very stale, almost oily. I fed the remainder of the first bag to my chickens (they didn't seem to have a problem with the taste)& tried a sample from the second bag. Same experience. I'll stick with Bob's from now on.","{""label"": ""negative"", ""confidence"": 0.92, ""reason"": ""Rejects product, will not buy again""}",509,67,0.264,negative,0.92,"Rejects product, will not buy again",True,,negative,negative
"After reading the reviews I ordered a case, but was disappointed. The taste was much more bland than I had expected, lacking the tinge of tartness I had come to expect with smaller, more expensive sardines.","{""label"": ""neutral"", ""confidence"": 0.65, ""reason"": ""Disappointed but not explicitly rejecting the product""}",471,83,0.298,neutral,0.65,Disappointed but not explicitly rejecting the product,True,,neutral,neutral
"I like a couple kinds, but not the others. Turns out that I only like about half of the flavors. The ones I don't enjoy are the fruity ones, not my style. However, the others I plan to buy individual boxes of in the future.","{""label"": ""positive"", ""confidence"": 0.78, ""reason"": ""Overall satisfied, plans future purchases despite some dislikes""}",479,74,0.358,positive,0.78,"Overall satisfied, plans future purchases despite some dislikes",True,,neutral,positive
"I found these in bags in the supermarket and fell in love with them. They are healthy and delicious! Only problem with the boxed ones is they are smaller and harder than the ones you buy in the market. Buying them in bulk saves as much as a $1.20 per box but the taste isn't as good. So, I've gone back to buying them in the store. Only other suggestion could be that they might be just as good with slightly less sugar even though the sugar content is low. All that aside, I've gotten about 20 people addicted to them as I am. One of the best tasting products on the market and HEALTHY. Barry's Bakery French Twist, Original, 4.5-Ounce Box (Pack of 12)","{""label"": ""positive"", ""confidence"": 0.92, ""reason"": ""Overall enthusiastic praise despite minor size/texture complaint""}",578,79,0.709,positive,0.92,Overall enthusiastic praise despite minor size/texture complaint,True,,neutral,positive
"I was excited to get this coffee drink, but once I tried it, I was a bit put off by its bitter taste. I expected the taste to be strong, but not bitter - I could not get past that to the actual flavor. I would not try this drink again.","{""label"": ""negative"", ""confidence"": 0.92, ""reason"": ""Rejects product, won't try again""}",484,55,0.22,negative,0.92,"Rejects product, won't try again",True,,neutral,negative
The tea is ok. It isn't very strong; I want to love Stash teas yet they are very weak in flavor. One has to use extra tea bags to make the taste come out right. Why oh why can't they get the flavor right? I want to love this tea yet I cannot because the amount of tea in each bag is so weak!,"{""label"": ""neutral"", ""confidence"": 0.68, ""reason"": ""Disappointed but not rejecting the product""}",498,81,0.268,neutral,0.68,Disappointed but not rejecting the product,True,,neutral,neutral
"I like a strong coffee Wake-up was a favorite and I like a good french roast! Still trying to find a replacement for wake-up. This is not it ,probably won't order again.","{""label"": ""negative"", ""confidence"": 0.92, ""reason"": ""Explicitly says won't order again, rejects product""}",465,61,0.242,negative,0.92,"Explicitly says won't order again, rejects product",True,,neutral,negative
"I do not detect the pumpkin flavor I have come to expect with other pumpkin flavored coffees I buy. However, I have never before purchased pumpkin flavor k-cups - not sure if this is the reason, or if Timothy's is just ""off."" I do love other k-cups, but not these. To me, there is a vague spice flavor, but it is bitter. Not pumpkin flavor, IMO. I am going to try Gloria Jean's and see if those are better. I do love Timothy's Cinnamon Pastry though!","{""label"": ""negative"", ""confidence"": 0.78, ""reason"": ""Rejects product due to missing flavor, plans to try alternatives""}",535,118,0.542,negative,0.78,"Rejects product due to missing flavor, plans to try alternatives",True,,neutral,negative
The packaging is very convenient for the small 2.5 ounce popcorn poppers. The taste rivals movie theaters. The only negative is this is too salty. I do not know if it has to do with popcorn popper (it seems to have a large number of un-popped kernels)or just too much salt. We compensate by adding 50% more popcorn to the popper and this produces a much better product.,"{""label"": ""positive"", ""confidence"": 0.85, ""reason"": ""Overall satisfied, minor salt issue mitigated""}",513,80,0.292,positive,0.85,"Overall satisfied, minor salt issue mitigated",True,,neutral,positive
"These cookies aren't bad, but it's strange that ""Chips Ahoy!"" has very few chips, and ""gooey"" is really just frosting. The consistency is kind of like an undercooked brownie, with a few white chips that just taste like sugar. And as noted above, the ""gooey"" center is frosting, which is actually less gooey than the chocolate filling in a fudge Pop Tart before it's been toasted. The flavor is pretty much ""sugar"" with a touch of chocolate. Regular Chips Ahoy! have a more complex flavor than these. So, if you see some kind of in-store ""buy one get one"" sale, you might want to give these a shot. Otherwise, I wouldn't bother.","{""label"": ""negative"", ""confidence"": 0.85, ""reason"": ""Rejects product, advises not to buy""}",575,80,0.28,negative,0.85,"Rejects product, advises not to buy",True,,neutral,negative
"Even though it says it's a medium roast, it's more mild and weak flavored. Would definitely have to use more pods to get better flavor. My son also tried it and used 2 pods for a 16 oz to go cup. He agreed it was weak but also commented that it had an odd flavor note to it.","{""label"": ""negative"", ""confidence"": 0.78, ""reason"": ""Reviewer finds flavor weak and unsatisfactory, implying rejection""}",492,84,0.404,negative,0.78,"Reviewer finds flavor weak and unsatisfactory, implying rejection",True,,neutral,negative
"I ordered chocolate, vanilla, and peach. The peach is okay, but it is not my favorite. The flavor is subtle and it doesn't end up being very sweet or peachy. On the plus size, it is flavored with natural flavors, which is why I am switching to stevia in the first place. Overall, though, I don't think I will get this flavor again.","{""label"": ""negative"", ""confidence"": 0.68, ""reason"": ""Disappointed and won't repurchase, indicating rejection""}",504,123,0.433,negative,0.68,"Disappointed and won't repurchase, indicating rejection",True,,neutral,negative
"If you like a little fizz with your juice this is a good product. Tasty and refreshing. However, like all juice it is not low in calories, so don't buy it expecting it to be more like a low cal fruit flavored sport drink.","{""label"": ""positive"", ""confidence"": 0.86, ""reason"": ""Overall praise, minor calorie drawback""}",477,87,0.298,positive,0.86,"Overall praise, minor calorie drawback",True,,neutral,positive
"While I usually feed my dog, a Border Collie/English shepherd rescue, the best food possible, I figured I'd give this a whirl. He loved it! Granted, what I don't love is the ingredient list. Things like soy, corn meal and animal fat are not something I intend to feed my dog to keep him in the best health... so it's not something I would buy all the time for his food source. I've been giving it to him as a treat, a few times a week just to keep things interesting. The beef and vegetables are good, but there's too many other things in it that would keep me from feeding it to him on a daily basis.","{""label"": ""neutral"", ""confidence"": 0.78, ""reason"": ""Likes taste but rejects daily use due to ingredients""}",562,105,0.343,neutral,0.78,Likes taste but rejects daily use due to ingredients,True,,neutral,neutral
"Quick sale, received it right away! I was really hoping this product worked and I misread the size, so I was a little disappointed that the was so small, but it was concentrated and that was okay. I'm going to keep looking for something that will work to keep my neighbor's cats off my new cars.","{""label"": ""neutral"", ""confidence"": 0.66, ""reason"": ""Disappointed size, but accepts it; seeks better solution""}",491,120,0.359,neutral,0.66,"Disappointed size, but accepts it; seeks better solution",True,,neutral,neutral
"I have no problem with the shipping. However, my cats don't like this litter. I have mixed it with one they like better and I am hoping that things will get better.","{""label"": ""neutral"", ""confidence"": 0.65, ""reason"": ""Disappointed but not rejecting the product""}",463,87,0.29,neutral,0.65,Disappointed but not rejecting the product,True,,neutral,neutral
"I love this stuff and add it to all my stir-fries: it's delicious, and not sweet, like the Rooster. But this is ovepriced. The same 8 oz. little plastic jar sells for $2.89 at my corner bodega, and they charge a premium for being open 24 hours. When I make it to a grocery store, the jar is usually $2.29. So the price here is more than double. Two stars deducted for the overprice; five stars for the sauce itself.","{""label"": ""positive"", ""confidence"": 0.65, ""reason"": ""praises taste, only price complaint, overall favorable""}",534,110,0.336,positive,0.65,"praises taste, only price complaint, overall favorable",True,,neutral,positive
"One thing you'll notice from having this tea, right off the bat is the larger size of the tea leaves, and how much tea is in the bag itself. I went back to the market and have since bought 3 more boxes of tea from different brands, and quality and size are easily noticeable; Stash PGT's leaves actually look like leaves, and not burnt up, shriveled sawdust. They leaves also have a pretty color, and aren't oxidized. Since I grew up on sugar laden drinks, drinking both teas without sugar was rough, but now that I'm used to it, these teas are just super tasty and don't even need a grain of sugar. I also cold brew my tea, rather than pour warm/scalding/hot water on it. I was reading on a forum that brewing teas in cold water helps to draw out more antioxidants. Cold brewed black tea is better for you than hot brewed oolong, believe it or not. Also, I can't stomach the flavor of warm/scalding/hot water tea. It's just...bleh. Cold-brewing tea is similar to making sun tea, except, it isn't placed in the sun. I ""brew"" my tea from anywhere between 15 min to 30 min. ~*~*~*~*~*~*~*~ Stash is a great starter tea if you've never seriously drunk tea before. After tasting around a bit, this tea is not really as good as I thought it was...Taste around, it's the only way you'll know if somethings really good or not~","{""label"": ""neutral"", ""confidence"": 0.62, ""reason"": ""Mild disappointment but still recommends the tea""}",748,115,0.795,neutral,0.62,Mild disappointment but still recommends the tea,True,,neutral,neutral
"There's no way anyone over at Amazon can justify the price for this stuff. It seems there's not enough competition in the mayo business these days and Hellmans/Amazon has taken full advantage of the deficit. While the mayo is great compared to just about all other brands, there is no justification for the price other than the shear lack of competition. Someone needs to start making real mayo like this. Its very basic in content and is good for that reason. The simple process for making it though also make the price unacceptable. Seems like all sorts of items being made today fall into the same snakepit of greedy business' I for one refuse to pay this kind of bucks for this kind of product. Walmart won't even carry it anymore because of its price. I recommend you get a good mayo recipe and make your own for a lot less money.","{""label"": ""negative"", ""confidence"": 0.86, ""reason"": ""Rejects product due to price, advises not to buy""}",594,92,0.382,negative,0.86,"Rejects product due to price, advises not to buy",True,,neutral,negative
"Like somebody else wrote on the review, it's more easier to break than plastic trash bags does. But it's not impossible to use... Just need to be a bit careful. Do not let sharp edges touch directly to the bag. And also somebody else wrote on the review, I think this bag is slightly smaller than the average tall kitchen bag. I snag this bag over my kitchen trash can and it comes off from the edge whenever I throw in something heavy. If manufacturer can make this bag a little bit bigger, at least as big as average tall kitchen bag size, I'll give 4 stars to this product.","{""label"": ""neutral"", ""confidence"": 0.68, ""reason"": ""disappointed but not rejecting, suggests improvements""}",549,82,0.524,neutral,0.68,"disappointed but not rejecting, suggests improvements",True,,neutral,neutral
"its sugar. sugar is sugar. and sugar will forever be yummy. however you dont get what you see. i gave it three stars because you dont get that pink box like how its displayed in the picture. instead i got a cardboard box full of the pixie stix all scattered and not secured at all. there is no internal packaging. you open the box to find the stix in there, but thats all. i guess its no biggie but its annoying.","{""label"": ""neutral"", ""confidence"": 0.92, ""reason"": ""Reviewer explicitly rates three stars, indicating disappointment but not rejection""}",522,62,0.317,neutral,0.92,"Reviewer explicitly rates three stars, indicating disappointment but not rejection",True,,neutral,neutral
"The taste was pretty much like the old Shasta Black Cherry drinks back in the 70's, after they had been left on the counter for a couple of hours. The carbonation is minimal. The carb count is middling high and 130 calories per 8ish ounces. Oh yeah... around a dollar a can too!!! I think it would be okay if you were offered one, but I would recommend saving my own money for something else. All the best, Jay","{""label"": ""negative"", ""confidence"": 0.92, ""reason"": ""Rejects product, advises not to buy""}",523,72,0.241,negative,0.92,"Rejects product, advises not to buy",True,,neutral,negative
"I have a very active lab that loves to chew. He really enjoys these treats, but I have to ration him -- he gags on them all the time. I usually give him this treat when he's sitting on the back porch relaxing and chewing up a tennis ball. These really seem to improve his breath... but he inevitably pushes it too far back in his mouth until he gags or throws up. I haven't seen any real difference to his teeth - no reduction in plaque or tartar.... but I keep hoping.","{""label"": ""neutral"", ""confidence"": 0.68, ""reason"": ""Disappointed with gagging and no dental benefit, but still uses treats""}",531,86,0.405,neutral,0.68,"Disappointed with gagging and no dental benefit, but still uses treats",True,,neutral,neutral
"I was kind of excited to try this tea out. I've been looking for something that would be easy to put in my purse that would dissolve and not have fake sugars like Aspartame in it, so I was excited to see that this was sweetened by honey and lemon. That said, you have to REALLY love Ginger to enjoy this drink. If you do, you will likely LOVE this tea. I am not a huge fan of Ginger (I love to cook with it, but not have it as a main flavor), so this really wasn't my favorite drink. I thought there should have been more lemon in it. It did dissolve really nicely and didn't leave a film of grit in the bottom of the glass. I do actually want to give this tea another try... in a recipe. I think it would be great in chicken broth or when making chicken salad.","{""label"":""neutral"",""confidence"":0.68,""reason"":""Disappointed with flavor but not rejecting, suggests alternative use""}",601,108,0.328,neutral,0.68,"Disappointed with flavor but not rejecting, suggests alternative use",True,,neutral,neutral
"Our 4 pound dachshund loved this toy at first, but as soon as the smell wears off the chews then she wants nothing to do with it. However it does seem well built, and is easy to use. Mostly just to expensive to keep loaded with chews if your dog only likes new smells or eats them quickly.","{""label"": ""negative"", ""confidence"": 0.78, ""reason"": ""Dog loses interest quickly; reviewer finds it too costly, implying rejection""}",495,125,0.382,negative,0.78,"Dog loses interest quickly; reviewer finds it too costly, implying rejection",True,,neutral,negative
"Has anyone else noticed that the flavor seems to have changed in recent batches of Good Earth Original? I find it much ""twiggier"" for lack of a better descriptor, and not NEARLY as sweet and good as it was before. I'm going to buy another box to make sure that this isn't totally random, but this was the case with two boxes I bought, one of Original and one of Original Decaf. Other friends of mine have noticed this as well; I really hope they didn't change the formula because it is/was my favorite tea and I don't like what I'm tasting now!","{""label"": ""neutral"", ""confidence"": 0.65, ""reason"": ""Disappointed with flavor change but not outright rejecting purchase""}",547,140,1.131,neutral,0.65,Disappointed with flavor change but not outright rejecting purchase,True,,neutral,neutral
"I was sceptical about this product because it tastes like no other unsweetened cranberry juice I've ever tried. Its syrupy, sweeter than other cranberry juices and has a grape juice taste to it. I contacted Dynamic Health and they say its 100% cranberry juice. I still feel a bit sceptical though. I'm used to Tree of Life brand so I think I'll just go back to it.","{""label"": ""negative"", ""confidence"": 0.86, ""reason"": ""Rejects product, plans to return to previous brand""}",507,90,0.382,negative,0.86,"Rejects product, plans to return to previous brand",True,,neutral,negative
"This coffee was ok, but it didn't have enough 'kick' for me. I think I was trying to equate this Sumatra blend to Starbuck's Sumatra. The Starbucks version is much more hearty than this one To be fair, this Smatra blend is billed as a 'medium' strength and it is that.","{""label"": ""neutral"", ""confidence"": 0.78, ""reason"": ""Disappointed by strength but accepts medium claim, no rejection""}",493,112,0.418,neutral,0.78,"Disappointed by strength but accepts medium claim, no rejection",True,,neutral,neutral
"I will echo the concerns about the healthiness of this product but without question, my dog ate this food like nothing else I've given her. The odor is not overly strong and it does appear to be a nice mix of meat and vegetables. I will be using this as a supplement to her normal dog food, which is much healthier but for a little treat, I'll mix this in with her food. The pellets are small enough that you could use these bits as a snack and not for the principal meal.","{""label"": ""positive"", ""confidence"": 0.92, ""reason"": ""Overall satisfied, will continue using as supplement""}",528,71,0.232,positive,0.92,"Overall satisfied, will continue using as supplement",True,,neutral,positive
"These steaks came out really good, but the bacon doesn't have much flavor and doesn't seem to add to the steaks. The size of the steaks are perfect though and I would recommend it unless you are looking for a lot of bacon flavor.","{""label"": ""positive"", ""confidence"": 0.85, ""reason"": ""Overall recommendation despite minor bacon complaint""}",474,79,0.243,positive,0.85,Overall recommendation despite minor bacon complaint,True,,neutral,positive
I found out that the savings is not as big as I thought it would be. I will have to continue to check it out to be sure.,"{""label"": ""neutral"", ""confidence"": 0.68, ""reason"": ""Disappointed but not rejecting the product""}",457,75,0.272,neutral,0.68,Disappointed but not rejecting the product,True,,neutral,neutral
"I don't use sugar in my coffee or tea and this product has sugar in it. It is way too sugary for me but otherwise had a pleasant coffee taste, not bitter and very smooth to drink. This is an espresso based product so it will be high in caffeine. If you are not used to strong coffee flavors then this might overpower you but if you are used to espresso or very strong coffees, then you might like the flavor of this coffee drink. It is rich tasting but not overpowering. But if you are like me and do not like sugar, then you will be disappointed with the sweetness of this coffee drink. If you use sugar in your coffee and also like strong coffee flavors then you might like this product. I think though that it would have been really good without the sugar.","{""label"": ""negative"", ""confidence"": 0.78, ""reason"": ""Disappointed with sweetness, suggests product is unsuitable""}",586,97,0.441,negative,0.78,"Disappointed with sweetness, suggests product is unsuitable",True,,neutral,negative
"This might sound weird, but if these cookies were marketed without the Oreo name, they might taste better. Or, if they were called ""Oreo Crisps,"" I wouldn't have been hoping for that classic Oreo taste. My first impression was that these are ""weak-sauce Tagalongs"" (Girl Scout cookies). They're thinner, and don't taste super peanut buttery. The package clearly says ""Peanut Butter"" with ""Creme"" in small letters next to it, so I've theorized that the ""creme"" part means it's the familiar Oreo creme that has *some* peanut butter flavor added. The cookie texture is nice. Very crisp and tasty. It's just when everything is put together that it's kind of disappointing. I have hope for the original flavor, Oreo Fudge Cremes, 8.5-Ounce Boxes (Pack of 4) , but have yet to try them. That said, I do keep eating them. They kind of grow on you, so that's why I think my expectation of what a regular Oreo is gave me a bad first impression. I don't think, though, that I'd put one in my shopping cart if I came across it again.","{""label"": ""negative"", ""confidence"": 0.86, ""reason"": ""Disappointed and unlikely to repurchase""}",665,92,0.315,negative,0.86,Disappointed and unlikely to repurchase,True,,neutral,negative
"This is a good product, my dog opened the doors twice and found the treat. After the second time she just picked the toy up and turned it upside down till the treats fell out. For a small dog it might work better","{""label"": ""positive"", ""confidence"": 0.78, ""reason"": ""Overall satisfied, minor drawback noted""}",474,77,0.273,positive,0.78,"Overall satisfied, minor drawback noted",True,,neutral,positive
"We bought this coffee as a replacement for Lavazza Supercrema while my wife cannot drink caffeine, and found it of uneven quality. We use it for making espresso in a Saeco Odea Giro, which brews consistently high-quality espresso from the Supercrema beans. However, some of the espressos from this decaf were excellent while other brews had a bit of a weird taste. Whether it's due to the visible inhomogeneity of the beans, I cannot tell. Or maybe this coffee is for what it says: drip coffee. Either way, we'll keep looking for better espresso beans. :-)","{""label"": ""negative"", ""confidence"": 0.78, ""reason"": ""Unhappy with inconsistent quality, plans to find better beans""}",550,126,0.335,negative,0.78,"Unhappy with inconsistent quality, plans to find better beans",True,,neutral,negative
This is the 3rd brand of Mexican Spiced hot cocoa that I've ordered. This by far is the poorest in tasting. The other 2 were far superior in flavor.,"{""label"": ""negative"", ""confidence"": 0.86, ""reason"": ""Calls product poorest, prefers other brands, indicates rejection""}",463,80,0.375,negative,0.86,"Calls product poorest, prefers other brands, indicates rejection",True,,neutral,negative
"These are decent, but if you want a realllly good salt and vinegar chip, try Boulder's Salt and Malt Vinegar chips. THOSE are awesome.","{""label"": ""neutral"", ""confidence"": 0.68, ""reason"": ""decent but suggests better alternative, no strong rejection""}",462,110,0.311,neutral,0.68,"decent but suggests better alternative, no strong rejection",True,,neutral,neutral
"I have a basic Cuisinart espresso machine that I normally use with Starbucks espresso pods. I saw the Illy tin at Wegman's and decided to give them a shot (no pun intended). Unfortunately, what I discovered is that these pods -- as is -- do not work with my espresso machine. The resulting shot looked like tea. I was somewhat annoyed as the tin doesn't say much of anything that is helpful, but what I eventually tried was cutting the excess portion of the wrapper off so that it looked exactly like a Starbucks pod. It worked perfectly and produced a great shot with lots of crema. I am drinking my latte now, and while it is good, I wouldn't say it is any better than my normal Starbucks-pod lattes. As the Starbucks pods are much cheaper (and easier), I'll be sticking with those after this tin.","{""label"": ""negative"", ""confidence"": 0.88, ""reason"": ""Rejects product, will stick with cheaper alternative""}",597,81,0.308,negative,0.88,"Rejects product, will stick with cheaper alternative",True,,neutral,negative
They changed the supplier of this product a couple of purchases ago... they use to have 4 smaller sardines very very good now 3 larger sardines that are a bit dry... but still tasty...,"{""label"": ""neutral"", ""confidence"": 0.6, ""reason"": ""disappointed by texture but still finds product tasty""}",468,119,0.331,neutral,0.6,disappointed by texture but still finds product tasty,True,,neutral,neutral
"My husband and I liked the taste of this, but I think it's a little spicier than we like in a soup. My children will not eat it. And they are not adverse to some spiciness (they like tacos, chimichangas, med. salsa, etc.) I tried adding a can of stewed tomatoes in addition to the water, but still too spicy for them. Crumbling some homemade cornbread into it helps a bit, but we won't be buying this variety again.","{""label"": ""negative"", ""confidence"": 0.86, ""reason"": ""Reviewer says they won't buy it again due to spiciness""}",529,72,0.232,negative,0.86,Reviewer says they won't buy it again due to spiciness,True,,neutral,negative
"This must be a bulky item, they are thinking about how much space it takes up in their warehouse. It is hard to keep cheap items like this around unless you are moving a lot of them. The product itself is delicious, I like it much better than the standard variety but not more than Annie's white cheddar.","{""label"": ""neutral"", ""confidence"": 0.65, ""reason"": ""Mixed praise with storage complaints, no clear rejection""}",491,105,0.304,neutral,0.65,"Mixed praise with storage complaints, no clear rejection",True,,neutral,neutral
"This product tastes okay, but is definitely quite sweet. Maybe I missed something, but I couldn't find the calorie content prior to ordering and foolishly ordered any way. One review I read said there is 60 calories, but it is 80 calories a cup per the packaging, I probably wouldn't have ordered. This will be a one time per day drink...also has a bad aftertaste. On a positive note, the pricing is reasonable...however with one a day, it is going to take me two months to go through this drink that I am not crazy about.","{""label"": ""negative"", ""confidence"": 0.85, ""reason"": ""Overall dissatisfaction, would not repurchase""}",542,67,0.224,negative,0.85,"Overall dissatisfaction, would not repurchase",True,,neutral,negative
"I was very excited to find a cola syrup that was not artificially sweetened, and did not have high fructose corn syrup in it. As for the seller, delivery was prompt and price was reasonable. I definitely appreciate the seller's part of this, but I must say, the product is so-so. It has a different taste to it; and is not an authentic cola taste. For some reason, the taste seems to almost rob the cola of its carbonation. That said, it is not super sweet, which is nice; and, it has no awful after-taste. I don't think I would buy this product again; it depends what other naturally flavored colas I find out there.","{""label"": ""negative"", ""confidence"": 0.86, ""reason"": ""Rejects product, wouldn't repurchase""}",567,72,0.73,negative,0.86,"Rejects product, wouldn't repurchase",True,,neutral,negative
"I am not a huge fan of canned coffee drinks, but I am always looking for easy coffee. This drink tasted just okay. It had a weird aftertaste that I can't quite describe. The size of the can is adequate. I definitely will not be purchasing this again in the future. If you like convenient, ok tasting coffee to go, this is it.","{""label"": ""negative"", ""confidence"": 0.92, ""reason"": ""Explicitly says will not purchase again, rejects product""}",500,71,0.396,negative,0.92,"Explicitly says will not purchase again, rejects product",True,,neutral,negative
"I have been purchasing these for several years. The kids liked them, and continued to like them after they got their teeth, then the adults started eating them, and we've just kept buying them. But our last order contained 12 boxes of burned, over baked biscuits that no one could eat. We plan to keep buying, and hopefully that won't happen again.","{""label"": ""neutral"", ""confidence"": 0.65, ""reason"": ""Disappointed with recent batch but still intends to repurchase""}",499,115,0.379,neutral,0.65,Disappointed with recent batch but still intends to repurchase,True,,neutral,neutral
